index,published,topic,term,domain,language,valid,de,title,description,en,la,url,image,archive,content,quote,added,feed,country,ipcc,continent
1db7889b59c08f117bd0e90991285a32,2026-07-01T18:16:21Z,Snow Avalanche,avalanșă,adevarul.ro,ro,0.7,"Lawine von Bewerbungen nach den Noten beim National Assessment. Jeder fünfte Kandidat wollte seine Arbeit sehen. Kandidaten für die nationale Bewertung, die mit den am Dienstag, dem 30. Juni, einen Tag früher als geplant, veröffentlichten Noten unzufrieden waren, hatten die Möglichkeit, eine Einsichtnahme in ihre Arbeiten zu beantragen. In einem Zentrum in Slatina reichte jeder fünfte Kandidat ein Ass ein...",Avalanșă de cereri după notele la Evaluarea Națională. Un candidat din cinci a cerut să-și vadă lucrarea,"Candidații de la Evaluarea Națională pe care notele afișate marți, 30 iunie, cu o zi mai devreme decât era programat, i-au nemulțumit au avut posibilitatea să solicite să-și vizualizeze lucrările. Într-un centru din Slatina, un candidat din cinci a depus o as…","Avalanche of applications after the grades at the National Assessment. One in five candidates asked to see their work. National Assessment candidates who were dissatisfied with the marks posted on Tuesday, June 30, a day earlier than scheduled, had the opportunity to request to view their papers. In a center in Slatina, one candidate out of five submitted an ace...","Avalanche applicationes post gradus in aestimatione Nationali. Unus in quinque candidatis quaesivit ut opus suum viderent. National Assessment candidates who were dissatisfied with the marks posted on Tuesday, June 30, a day earlier than scheduled, had the opportunity to request to view their papers. In medio in Slatina unus candidatus ex quinque acc... submisit.",https://adevarul.ro/stiri-locale/slatina/avalansa-de-cereri-dupa-notele-la-evaluarea-2540363.html,https://cdn.adh.reperio.news/image-a/a5545885-bdb2-49a5-933d-8b27b3b37a1e/index.jpeg?p=f%3Djpeg%26w%3D1200%26h%3D630%26r%3Dcover%26c%3D0.17%252C0.175%252C0.83%252C0.607,,"Candidaii de la Evaluarea Naional pe care notele afiate mari, 30 iunie, cu o zi mai devreme decât era programat, i-au nemulumit au avut posibilitatea s solicite s-i vizualizeze lucrrile înainte de a … [+8288 chars]",,2026-07-04 21:31:22+00:00,random,,,
b223d47528b19d09ef45f9345326ef48,2026-07-05T06:04:48Z,Thunderstorm,vreme severă,www.realitatea.net,ro,0.8,"Donald Trump, Rede unter Androhung eines schweren Sturms: „Der amerikanische Traum ist zurück. Es wird keinen Wahlbetrug mehr geben.“ Donald Trumps Ansprache an die Nation anlässlich des 250. Jahrestags der Unabhängigkeit wurde durch heftige Stürme in Washington verzögert, doch das Unwetter ließ ihn nicht davon abhalten. Als Trump nach Evakuierungen und Zwangspausen auf der Bühne ankam, sagte er ihnen…","Donald Trump, discurs sub amenințarea furtunii severe: „Visul american s-a întors. Nu veți mai avea fraude electorale""","Discursul lui Donald Trump, adresat națiunii cu ocazia celebrării a 250 de ani de la Independență, a fost întârziat de furtunile violente care au lovit Washingtonul, însă vremea severă nu l-a descurajat. Ajuns pe scenă după evacuări și pauze forțate, Trump le…","Donald Trump, speech under threat of severe storm: ""The American dream is back. You will have no more electoral fraud"". Donald Trump's address to the nation to mark the 250th anniversary of Independence was delayed by violent storms that hit Washington, but the severe weather did not deter him. Arriving on stage after evacuations and forced breaks, Trump told them…","Donald Trump, oratio sub comminatione tempestatis: ""America somnium reversus est. Fraudes comitiorum amplius non habebis"". Oratio Donald Trump nationi ad 250 anniversarium independentiae notandum morabatur vehementibus procellis quae Washington feriebant, sed tempestas gravis eum non deterrebat. Postquam in scaenam perveniens, evacuationes et fractas coactus, Trump dixit eis...",https://www.realitatea.net/stiri/actualitate/donald-trump-discurs-sub-amenintarea-furtunii-severe-visul-american-s-a-intors-nu-veti-mai-avea-fraude-electorale-y6i83o,https://www.realitatea.net/storage/media/7/2026/07/discursul-lui-donald-trump-de-ziua-indepednetei-profimedia-BndRu1.webp,,"Discursul lui Donald Trump, adresat naiunii cu ocazia celebrrii a 250 de ani de la Independen, a fost întârziat de furtunile violente care au lovit Washingtonul, îns vremea sever nu l-a descurajat. A… [+5299 chars]",,2026-07-06 17:58:47+00:00,random,,,
3ee248f5261e706448fa15707c6d00ee,2026-07-01T05:45:08Z,Thunderstorm,grindină,www.realitatea.net,ro,0.9,"Das extreme Wetter hält an. Roter Code für Hagel, sintflutartigen Regen und Sturm – VIDEO. Das extreme Wetter hält an. Die ANM-Meteorologin Meda Andrei erklärte am Mittwochmorgen exklusiv auf Realitatea PLUS, dass Rumänien in den kommenden Tagen auch von Stürmen und Unwettern betroffen sein werde.","Vremea extremă continuă. Cod roșu de grindină, ploi torențiale și vijelii -VIDEO","Vremea extremă continuă. Meteorologul ANM, Meda Andrei, a declarat miercuri dimineață, în exclusivitate la Realitatea PLUS, că și în zilele următoare România va fi afectată de episoade de furtuni și vreme severă.","The extreme weather continues. Red code for hail, torrential rain and gales -VIDEO. The extreme weather continues. ANM meteorologist, Meda Andrei, declared on Wednesday morning, exclusively on Realitatea PLUS, that Romania will also be affected by episodes of storms and severe weather in the coming days.","Extrema tempestas pergit. Red code for grando, imbres torrentes et aurae -video. Extrema tempestas pergit. ANM astrologus, Meda Andrei die Mercurii mane, solum in Realitatea PLUS declaravit, Romania etiam episodiis tempestatum et tempestatibus in adventus dierum affici.",https://www.realitatea.net/stiri/actualitate/vremea-extrema-continua-cod-rosu-de-grindina-ploi-torentiale-si-vijelii-video-xp5fcy,https://www.realitatea.net/storage/media/5/2025/08/climate-change-2375698_1280_accb87f6ad.webp,,"Vremea extrem continu. Meteorologul ANM, Meda Andrei, a declarat miercuri diminea, în exclusivitate la Realitatea PLUS, c i în zilele urmtoare România va fi afectat de episoade de furtuni i vreme sev… [+451 chars]",,2026-07-06 17:58:47+00:00,random,,,
75fe056ffe26188e3ff44d1dbc6286f2,2026-07-05T19:36:55Z,Heat Wave,căldură,www.mediafax.ro,ro,0.9,"Was sind Hitzedome und wie entstehen sie? Die unerträglich heißen und feuchten Sommermonate, die Millionen Menschen auf der ganzen Welt gefährden, werden in der Regel durch sogenannte Hitzedome ermöglicht. Diese verschlimmern sich und werden häufiger, je mehr der Planet…",Ce sunt cupolele de căldură și cum se formează,"Lunile de vară insuportabil de calde și umede, care pun în pericol milioane de oameni din întreaga lume, sunt de obicei posibile datorită fenomenelor cunoscute sub numele de cupole de căldură. Acestea se agravează și devin mai frecvente pe măsură ce planeta s…",What are heat domes and how do they form. The unbearably hot and humid summer months that put millions of people around the world at risk are usually made possible by phenomena known as heat domes. These worsen and become more frequent as the planet…,"Quid calores testudines et quomodo formant. Ex mensibus aestivis calidis et humidis intolerabiliter ponentibus decies centena milia hominum circa mundum in periculo fieri solent, phaenomenis notis sicut domes caloris. Haec peior et crebrior fiunt sicut planeta…",https://www.mediafax.ro/meteo/ce-sunt-cupolele-de-caldura-si-cum-se-formeaza-23765941,https://www.mediafax.ro/wp-content/uploads/2026/05/canicula1-1024x683-1.webp,,"Cupolele de cldur pot face ca temperaturile deja ridicate s fie i mai extreme i prelungite, iar acestea se agraveaz i devin mai frecvente pe msur ce planeta se înclzete. Experii spun c domurile de cl… [+2660 chars]",,2026-07-07 04:35:44+00:00,random,,,
c56b362fc285e3381ed09c4ed258ac5b,2026-07-03T05:15:50Z,Tsunami,tsunami,www.mediafax.ro,ro,0.9,"Erdbeben der Stärke 6,2 in Indonesien. Die Behörden schlossen die Gefahr eines Tsunamis aus. Ein Erdbeben der Stärke 6,2 erschütterte am Freitag Ostindonesien in einem Gebiet, das für intensive seismische Aktivität bekannt ist. Die Behörden haben erklärt, dass keine Gefahr eines Tsunamis bestehe und bislang keine Opfer oder Sachschäden gemeldet worden seien.","Cutremur de 6,2 în Indonezia. Autoritățile au exclus riscul producerii unui tsunami","Un cutremur cu magnitudinea de 6,2 s-a produs vineri în estul Indoneziei, într-o zonă cunoscută pentru activitatea seismică intensă. Autoritățile au anunțat că nu există risc de tsunami, iar până în prezent nu au fost raportate victime sau pagube materiale.","6.2 earthquake in Indonesia. Authorities ruled out the risk of a tsunami. A magnitude 6.2 earthquake struck eastern Indonesia on Friday, in an area known for intense seismic activity. Authorities have announced that there is no risk of a tsunami, and so far no casualties or property damage have been reported.","6.2 Terrae motus in Indonesia. Auctoritates excluditur periculum tsunami. Magnitudo 6.2 terrae motus Indonesiam orientalem die Veneris percussit, in campo noto ob intensam seismicam actionem. Auctoritates divulgaverunt nullum periculum tsunami esse, et eatenus nullae casus vel proprietatis detrimentum nuntiaverunt.",https://www.mediafax.ro/externe/cutremur-de-62-in-indonezia-autoritatile-au-exclus-riscul-producerii-unui-tsunami-23765937,https://www.mediafax.ro/wp-content/uploads/2026/07/cutremur-indonezia-1.jpg,,"Potrivit Serviciului Geologic al Statelor Unite (USGS), seismul s-a produs la ora 11:31, ora local (02:31 GMT), la o adâncime de 120 de kilometri, la aproximativ 58 de kilometri vest de oraul Tobelo,… [+1514 chars]",,2026-07-07 13:02:31+00:00,random,,,
d4123494376e3bf79027292c08bacbea,2026-07-03T20:55:25Z,Earthquake,cutremur,adevarul.ro,ro,0.9,"Von verlassenen Welpen zu Elitehelden: Die Geschichte der Rettungshunde, die in Venezuela Hunderte Menschen aus den Trümmern holten. Die wichtigste humanitäre Organisation der Vereinten Nationen hat bekannt gegeben, dass 140 Hunde aus 21 Ländern mobilisiert wurden, um Such- und Rettungsaktionen nach den Erdbeben in Venezuela zu unterstützen. Sie kommen, um die Interventionsteams in... zu unterstützen.",De la pui abandonați la eroi de elită: Povestea câinilor de salvare care au scos sute de oameni de sub dărâmături în Venezuela,Principala agenție umanitară a Organizației Națiunilor Unite a anunțat că 140 de câini din 21 de țări au fost mobilizați pentru a sprijini eforturile de căutare și salvare în urma cutremurelor din Venezuela. Aceștia vin în sprijinul echipelor de intervenție î…,From abandoned pups to elite heroes: The story of the rescue dogs that pulled hundreds of people from under the rubble in Venezuela. The United Nations' main humanitarian agency has announced that 140 dogs from 21 countries have been mobilized to support search and rescue efforts following the earthquakes in Venezuela. They come to support the intervention teams in...,"Ex perditis catulis ad electos heroum: Fabula de canibus liberandis, qui centum homines e ruderibus in Venezuela extraxerunt. Praecipuum procurationis humanitariae Nationum Unitarum denuntiavit 140 canes e 21 regionibus convocatos esse ad quaerendas et liberandas conatus sequentes terrae motus in Venezuela. Veniunt ad suffragia interventus iunctos in...",https://adevarul.ro/stiri-externe/in-lume/de-la-pui-abandonati-la-eroi-de-elita-povestea-2540876.html,https://cdn.adh.reperio.news/image-1/1d00193e-e669-40d8-8847-d9352f0a6831/index.jpeg?p=f%3Djpeg%26w%3D1200%26h%3D630%26r%3Dcover%26c%3D0%252C0.031%252C1%252C0.585,,Principala agenie umanitar a Organizaiei Naiunilor Unite a anunat c 140 de câini din 21 de ri au fost mobilizai pentru a sprijini eforturile de cutare i salvare în urma cutremurelor din Venezuela. Ac… [+3353 chars],,2026-07-07 13:02:31+00:00,random,,,
228ff93986e39456c9f632bd7f458d76,2026-07-02T09:06:27Z,Storm,tornadă,www.mediafax.ro,ro,0.9,"Der Făcăeni-Tornado 2002 war ein Schock für Rumänien / Heute werden extreme Wetterphänomene zur neuen Normalität. Vor fast einem Vierteljahrhundert fegte ein Tornado über die Gemeinde Făcăeni im Kreis Ialomița hinweg. Es hinterließ zerstörte Häuser, tote Menschen und eine Frage, die nur wenige ernst nehmen wollten: Kann es in Rumänien Tornados geben? Nach den heftigen Stürmen und Wellen…","Tornada de la Făcăeni din 2002 a fost un șoc pentru România / Astăzi, fenomenele meteo extreme devin noul normal","În urmă cu aproape un sfert de secol, o tornadă a măturat comuna Făcăeni din județul Ialomița. Lăsa în urmă case distruse, oameni morți și o întrebare pe care puțini erau dispuși să o ia în serios: pot exista tornade în România? După furtunile violente și val…","The 2002 Făcăeni tornado was a shock for Romania / Today, extreme weather phenomena are becoming the new normal. Almost a quarter of a century ago, a tornado swept the Făcăeni commune in Ialomița county. It left behind destroyed houses, dead people and a question that few were willing to take seriously: can there be tornadoes in Romania? After the violent storms and wave…","2002 Făcăeni turbo pro Romania concussa est/ Hodie extremae tempestatis phaenomena nova normalia fiunt. Fere quarto abhinc saeculo, turbo Facaeni commune in comitatu Ialomița delevi. Relinquet destructa domorum, mortuorum hominum, et quaestionem paucis graviter capere volentibus: potestne esse in Romania turbines? Post procellas vehementes et undas…",https://www.mediafax.ro/social/tornada-de-la-facaeni-din-2002-a-fost-un-soc-pentru-romania-astazi-fenomenele-meteo-extreme-devin-noul-normal-23765347,https://www.mediafax.ro/wp-content/uploads/images/1/1688/18105957/3-tornada1.jpg,,"Tornada de la Fceni din 2002 a fost prima tornad înregistrat în peste 100 de ani în România, o ar care a trit în negare în privina asta.
De regul, cei mai importani specialiti ai rii au negat faptul… [+5437 chars]",,2026-07-07 17:35:25+00:00,random,,,
b4829ef718f7dea851a5698c1e8a6b56,2026-07-06T07:46:33Z,Snow&Ice,ger,www.mediafax.ro,ro,0.7,"Die Rücktrittswelle bei der WM 2026. Fußballgiganten wechseln nach durchschlagenden Misserfolgen den Trainer. Deutschland, Holland, Südkorea und Mexiko sind nur einige der Nationalmannschaften, die bereits in eine neue Ära eingetreten sind. Die Weltmeisterschaft in den USA, Kanada und Mexiko bringt die ersten Opfer auf den technischen Bänken hervor, und die Liste scheint noch lange nicht abgeschlossen zu sein.",Valul de demisii de la Cupa Mondială 2026. Giganții fotbalului schimbă antrenorii după eșecuri răsunătoare,"Germania, Olanda, Coreea de Sud și Mexic sunt doar câteva dintre naționalele care au intrat deja într-o nouă eră. Cupa Mondială din SUA, Canada și Mexic produce primele victime pe băncile tehnice, iar lista pare departe de a se încheia.","The wave of resignations from the 2026 World Cup. Football giants change coaches after resounding failures. Germany, Holland, South Korea and Mexico are just a few of the national teams that have already entered a new era. The World Cup in the USA, Canada and Mexico produces the first victims on the technical benches, and the list seems far from over.","Renuntiatio unda a 2026 World Cup. Gigantes vehicula nisi cum defectis sonantibus mutant carrucas. Germania, Hollandia, Corea Meridiana et Mexici pauci sunt iunctiones nationales quae iam novam aetatem inierunt. Trophaeum Mundi in USA, Canada et Mexico primas victimas in scamnis technicis producit, et index procul ab orbe videtur.",https://www.mediafax.ro/sport/valul-de-demisii-de-la-cupa-mondiala-2026-gigantii-fotbalului-schimba-antrenorii-dupa-esecuri-rasunatoare-23767392,https://www.mediafax.ro/wp-content/uploads/2026/07/8136353-mediafax_foto-dpa_hepta-1024x683.jpg,,"În cele câteva sptmâni de la startul Cupei Mondiale 2026, competiia nu produce doar surprize pe teren, ci i un adevrat cutremur în birourile federaiilor. Eliminrile premature au declanat un val de de… [+2920 chars]",,2026-07-08 07:56:35+00:00,random,,,
86db1415374a2ed335a2bea2d0ce122a,2026-07-02T06:41:06Z,Earthquake,cutremur,www.digi24.ro,ro,0.9,"Acht Tage nach zwei verheerenden Erdbeben in Venezuela wurde ein Mann lebend unter Trümmern gefunden. Mehrere hundert Retter arbeiteten am Donnerstag seit den frühen Morgenstunden daran, einen 40-jährigen Mann zu retten, der acht Tage lang unter den Trümmern eines eingestürzten Gebäudes feststeckte, nachdem die beiden Erdbeben mehr als 2.000 Menschen getötet und Zehntausende vermisst hatten.",Un bărbat a fost găsit în viață sub dărâmături la opt zile de la cele două cutremure devastatoare din Venezuela,"Câteva sute de salvatori se străduiau joi, încă de la primele ore ale zilei, să-l salveze pe un bărbat de 40 de ani blocat de opt zile sub dărâmăturile unei clădiri prăbuşite în urma celor două cutremure soldate cu peste 2.000 de morţi şi zeci de mii de dispă…","A man has been found alive under rubble eight days after two devastating earthquakes struck Venezuela. Several hundred rescuers were working on Thursday, since the early hours of the day, to save a 40-year-old man stuck for eight days under the rubble of a collapsed building following the two earthquakes that resulted in more than 2,000 deaths and tens of thousands of missing...","Homo quidam vivus inventus est sub ruderibus octo diebus post duos terrae motus devastans Venezuela percussit. Plures centum salvatores die Iovis laborabant, cum primis horis diei, ut homo quadraginta annos servaret, octo diebus sub ruderibus ruinae aedificii post duos terrae motus qui consecuti erant plus quam 2.000 mortes et decem milia absentis erant.",https://www.digi24.ro/stiri/externe/mapamond/un-barbat-a-fost-gasit-in-viata-sub-daramaturi-la-opt-zilde-de-la-cele-doua-cutremure-devastatoare-din-venezuela-3843953,https://s.iw.ro/gateway/g/ZmlsZVNvdXJjZT1odHRwJTNBJTJGJTJG/c3RvcmFnZTA4dHJhbnNjb2Rlci5yY3Mt/cmRzLnJvJTJGc3RvcmFnZSUyRjIwMjYl/MkYwNyUyRjAyJTJGMjgxNzU2M18yODE3/NTYzX3Byb2ZpbWVkaWEtMTExMzg3Nzcx/NS5qcGcmdz0xMjAwJmg9NjMwJnpjPTEm/aGFzaD0yOWU1ZmQ4ZjY1MzdjODQwZGU2YTQ0NmFiZWVlZTM4ZQ==.thumb.jpg,,"Câteva sute de salvatori se strduiau joi, înc de la primele ore ale zilei, s-l salveze pe un brbat de 40 de ani blocat de opt zile sub drâmturile unei cldiri prbuite în urma celor dou cutremure solda… [+5424 chars]",,2026-07-08 07:56:35+00:00,random,,,
e4ae8a6783b618de69e96ac16f593f52,2026-07-04T04:50:57Z,Drought,seceta madagascar,www.digi24.ro,ro,0.3,"WM 2026. Kolumbien hat sich nach einem 1:0 gegen Ghana verdient für die Achtelfinale qualifiziert. Die kolumbianische Nationalmannschaft qualifizierte sich verdient für das Achtelfinale der Weltmeisterschaft 2026, nachdem sie am Freitag im Kansas City Stadium im letzten Spiel der Achtelfinal-Endrunde Ghana mit 1:0 (1:0) besiegte.","CM 2026. Columbia s-a calificat meritat în optimi, după 1-0 cu Ghana","Selecţionata Columbiei s-a calificat meritat în optimile de finală ale Cupei Mondiale de fotbal 2026, după ce a învins formaţia Ghanei cu scorul de 1-0 (1-0), vineri, pe Kansas City Stadium, în ultimul meci din şaisprezecimile de finală ale turneului final gă…","WC 2026. Colombia deservedly qualified for the eighth, after 1-0 with Ghana. The Colombian national team deservedly qualified for the round of 16 of the 2026 World Cup after defeating Ghana 1-0 (1-0) on Friday at the Kansas City Stadium in the last match of the round of 16 final tournament.","WC 2026. Colombia merito idoneus pro octava, post 1-0 cum Gana. Turma nationalis Colombia merito aptissima ad globum 16 Mundi 2026 Trophaeum, postquam Gana 1-0 superata est (1-0) die Veneris ad Stadium Civitatis Kansas in ultimis rotundis 16 torneamentum finalis compositus est.",https://www.digi24.ro/campionatul-mondal-de-fotbal-2026/cm-2026-columbia-s-a-calificat-meritat-in-optimi-dupa-1-0-cu-ghana-3847423,https://s.iw.ro/gateway/g/ZmlsZVNvdXJjZT1odHRwJTNBJTJGJTJG/c3RvcmFnZTA4dHJhbnNjb2Rlci5yY3Mt/cmRzLnJvJTJGc3RvcmFnZSUyRjIwMjYl/MkYwNyUyRjA0JTJGMjgzMjUxOF8yODMy/NTE4X2doYW5hLWNvbHVtYmlhLXByb2Zp/bWVkaWEtMTExNDI2OTQ5OS5qcGcmdz0x/MjAwJmg9NjMwJnpjPTEmaGFzaD1kYTM0/MzQwZWNhYWY5NTVkYzI5ZTM2NzJjMjlkYmJjMw==.thumb.jpg,,"Selecionata Columbiei s-a calificat meritat în optimile de final ale Cupei Mondiale de fotbal 2026, dup ce a învins formaia Ghanei cu scorul de 1-0 (1-0), vineri, pe Kansas City Stadium, în ultimul m… [+3008 chars]",,2026-07-09 04:34:57+00:00,edo,Madagascar,MDG,Africa
35ce69213516414385cb0f56e44a2275,2026-07-07T07:28:29Z,ice jam,inundații,www.digi24.ro,ro,0.9,"Verheerende Stürme und Überschwemmungen in China: 15 Menschen sterben, mehr als 50.000 evakuiert. Ein Damm ist gebrochen. Laut einer am Dienstag veröffentlichten Bilanz haben heftige Stürme und extreme Regenfälle in China mindestens 15 Menschen getötet und Hunderte weitere verletzt, während mehr als 50.000 Menschen aus Überschwemmungen evakuiert wurden. In diesem Zusammenhang…","Furtuni și inundații devastatoare în China: 15 oameni au murit, peste 50.000 au fost evacuați. Un baraj s-a rupt","Furtunile violente și precipitațiile extreme care au lovit China au provocat moartea a cel puțin 15 persoane și rănirea altor sute, în timp ce peste 50.000 de oameni au fost evacuați din calea inundațiilor, potrivit unui bilanț publicat marți. În acest contex…","Devastating storms and floods in China: 15 people dead, more than 50,000 evacuated. A dam broke. Violent storms and extreme rainfall in China have killed at least 15 people and injured hundreds more, while more than 50,000 people have been evacuated from floodwaters, according to a tally released on Tuesday. In this context…","Tempestates et inundationes vastantes in Sinis: quindecim homines mortui plus quam 50,000 evacuantur. Jurgia rupit. Tempestates violentae et pluviae extremae in Sinis saltem quindecim homines occiderunt et centum plus laeserunt, cum plus quam 50.000 homines ex diluviis emissi sunt, secundum talliam die Martis emissa. Hoc in contextu…",https://www.digi24.ro/stiri/externe/mapamond/furtuni-si-inundatii-devastatoare-in-china-15-oameni-au-murit-peste-50-000-au-fost-evacuati-un-baraj-s-a-rupt-3850487,https://s.iw.ro/gateway/g/ZmlsZVNvdXJjZT1odHRwJTNBJTJGJTJG/c3RvcmFnZTA4dHJhbnNjb2Rlci5yY3Mt/cmRzLnJvJTJGc3RvcmFnZSUyRjIwMjYl/MkYwNyUyRjA3JTJGMjgzNjg4N18yODM2/ODg3X3Byb2ZpbWVkaWEtMTExNDM3NTEy/MC5qcGcmdz0xMjAwJmg9NjMwJnpjPTEm/aGFzaD03MDY4NzEzMTU2NTQ0ZmZmYTJjYzY5ZGY2MDIxZTg5NA==.thumb.jpg,,"Furtunile violente i precipitaiile extreme care au lovit China au provocat moartea a cel puin 15 persoane i rnirea altor sute, în timp ce peste 50.000 de oameni au fost evacuai din calea inundaiilor,… [+3721 chars]",,2026-07-09 04:34:57+00:00,random,,,
0e0a212bfdbeabb2dad8c74b87fadc59,2026-07-02T20:00:30Z,Thunderstorm,vreme severă,www.realitatea.net,ro,0.9,"Heftiger Sturm in Brașov: Das Wasser richtete in der ganzen Stadt verheerende Schäden an. Überschwemmungen vom Zentrum bis zum Stadtrand – VIDEO. Brașov galt am Donnerstagabend wegen Unwettern unter dem Code Orange, und der Wolkenbruch, der die Stadt traf, verursachte Überschwemmungen in fast allen Stadtteilen. Die Züge überquerten die Straßen und verdeckten Autos, und der Verkehr wurde teilweise vollständig blockiert.",Furtună violentă în Brașov: apele au făcut prăpăd în tot orașul. Inundații din Centru până la periferie – VIDEO,"Brașovul s-a aflat joi seară sub Cod Portocaliu de vreme severă, iar ruperea de nori care a lovit orașul a provocat inundații în aproape toate cartierele. Șuvoaiele au traversat străzile și au acoperit autoturisme, iar traficul a fost complet blocat în anumit…","Violent storm in Brașov: the waters wreaked havoc throughout the city. Floods from the Center to the outskirts – VIDEO. Brașov was under Code Orange for severe weather on Thursday evening, and the burst of clouds that hit the city caused flooding in almost all neighborhoods. The trains crossed the streets and covered cars, and the traffic was completely blocked in some…","Tempestas violenta in Brașov: aquae vastatae per urbem. Flumina a centro ad extrema — VIDEO. Brașov sub Code Orange ob tempestatem Iovis vesperi die Iovis gravis fuit et nubes nubium quae urbem inundaverunt in omnibus fere viciniis effecit. Impedimenta per vias transierunt et carros operuerunt, et negotiatio in quibusdam ... totaliter clausus est.",https://www.realitatea.net/stiri/actualitate/furtuna-violenta-in-brasov-apele-au-facut-prapad-in-tot-orasul-inundatii-din-centru-pana-la-periferie-video-bi01i6,https://www.realitatea.net/storage/media/7/2026/07/inundatii-in-brasov-X7COWX.webp,,"Braovul s-a aflat joi sear sub Cod Portocaliu de vreme sever, iar ruperea de nori care a lovit oraul a provocat inundaii în aproape toate cartierele. uvoaiele au traversat strzile i au acoperit autot… [+1270 chars]",,2026-07-09 08:53:58+00:00,random,,,
b065b1534536c7d737190e2f25f0f85d,2026-07-08T06:47:28Z,Landslide,alunecare de noroi,www.realitatea.net,ro,0.9,"Erschreckende Aufnahmen aus Indien: Eine riesige Schlammwelle reißt Menschen, Fahrzeuge und Gebäude weg – VIDEO. Erschreckende Aufnahmen aus Indien zeigen den Moment, als ein gewaltiger Erdrutsch eine Baustelle im Süden des Landes erschüttert. In nur wenigen Sekunden fegt eine riesige Schlamm- und Kieswelle alles weg, was sich ihr in den Weg stellt – Maschinen, Fahrzeuge und Arbeiter –…","Imagini înfiorătoare din India: un val uriaș de noroi mătură oameni, vehicule și clădiri – VIDEO","Imagini înspăimântătoare surprinse în India arată momentul în care o alunecare de teren masivă lovește un șantier de construcții din sudul țării. În doar câteva secunde, un val uriaș de nămol și pietriș mătură totul în cale – utilaje, vehicule și muncitori – …","Horrifying footage from India: A huge wave of mud sweeps away people, vehicles and buildings – VIDEO. Terrifying footage captured in India shows the moment a massive landslide hits a construction site in the south of the country. In just a few seconds, a huge wave of mud and gravel sweeps away everything in its path – machinery, vehicles and workers –…","Horrenda footage ab India: Ingens unda caeni homines rapit, vehicula et aedificia – VIDEO. Terribilis footage capta in India ostendit momentum ingens ruina in meridiem regionis situm constructionis pervenit. Paucis secundis, ingens fluctus caeni et glareae omnia in suo itinere — machinatione, vehiculis et opificibus evellit —…",https://www.realitatea.net/stiri/actualitate/imagini-infioratoare-din-india-un-val-urias-noroi-matura-oameni-vehicule-si-cladiri-surprins-totul-pe-camera-ilye5t,https://www.realitatea.net/storage/media/7/2026/07/inundatii-devastatoare-in-india-OisM9w.webp,,"Imagini înspimânttoare surprinse în India arat momentul în care o alunecare de teren masiv lovete un antier de construcii din sudul rii. În doar câteva secunde, un val uria de nmol i pietri mtur totu… [+790 chars]",,2026-07-10 04:37:14+00:00,random,,,
c90ac09c6fdb9b70b9ffcb6a8ca51ef3,2026-07-01T08:31:36Z,Heat Wave,val de căldură,www.biziday.ro,ro,0.9,"Hitzecode Orange in der nördlichen Hälfte des Landes und Code Gelb in den südöstlichen Landkreisen bis 21:00 Uhr. Von 15:00 bis 6:00 Uhr gilt am Donnerstag im Westen, Südwesten und Süden des Landes eine Sturmwarnung mit dem Code Orange. Von Donnerstagmorgen bis Freitagmorgen gilt im ganzen Land die Regenwarnung Code Yellow. Die ersten Warnungen Code Orange und Code Gelb vor anhaltender Hitze mit besonders hohen Temperaturen gelten bis heute Abend um 21 Uhr in der nördlichen Landeshälfte bzw. in den Landkreisen im Südosten des Landes. Im Fall von Code Orange ist die Temperatur …","Cod Portocaliu de căldură în jumătatea de nord a țării și Cod Galben în județele din sud-est, până la ora 21. De la ora 15 și până joi la ora 6, este valabilă o avertizare Cod Portocaliu de furtună în vestul, sud-vestul și sudul țării. De joi dimineață și până vineri dimineață, toata țara este sub atenționare Cod Galben de ploi.","Primele avertizări de Cod Portocaliu și Cod Galben de căldură persistentă, cu temperaturi deosebit de ridicate, sunt valabile până diseară la ora 21, în jumătatea de nord a țării, respectiv în județele din sud-estul țării. În cazul Codului Portocaliu, tempera…","Heat Code Orange in the northern half of the country and Code Yellow in the southeastern counties until 21:00. From 15:00 until 6:00 on Thursday, a Code Orange storm warning is valid in the west, southwest and south of the country. From Thursday morning until Friday morning, the whole country is under a Code Yellow rain warning. The first Code Orange and Code Yellow warnings of persistent heat, with particularly high temperatures, are valid until tonight at 9 pm, in the northern half of the country, respectively in the counties in the southeast of the country. In the case of Code Orange, tempera…","Calor Codex Aureus in media septentrionali regione et Codex Flavus in comitatibus australibus usque ad 21:00. Ab 15:00 usque ad 6:00 die Iovis, Codex Arausicanus tempestas valida est in regione occidentali, meridiem et meridiem regionis. A Iovis mane usque ad mane Veneris, tota terra sub Codice Flavi pluviae admonetur. Primus Codex Orange et Codex Flavi monita caloris assidui, cum praesertim caliditas, valent usque ad noctem hora 9 post meridiem, in media septentrionali regione, respective in comitatibus in regione meridiem versus. In Codice Aureum, tempera…",https://www.biziday.ro/362394-2/,https://cdn.biziday.ro/wp-content/uploads/2026/07/WhatsApp-Image-2026-07-01-at-11.28.07.jpeg,,"Primele avertizri de Cod Portocaliu i Cod Galben de cldur persistent, cu temperaturi deosebit de ridicate, sunt valabile pân disear la ora 21, în jumtatea de nord a rii, respectiv în judeele din sud-… [+2284 chars]",,2026-07-10 08:50:48+00:00,random,,,
ca4d1437e2ea826557506577eae4ab47,2026-07-02T13:58:17Z,Heat Wave,căldură,www.digi24.ro,ro,0.9,"Die extremen Temperaturen im Juli bergen die Gefahr, dass die Strompreise in Europa hoch bleiben. Das Risiko weiterer Hitzewellen im Juli hält die Strompreise hoch, nachdem Rekordtemperaturen im Juni die Tarife auf den höchsten Stand seit der Energiekrise 2022 getrieben haben.",Temperaturile extreme din iulie riscă să țină energia electrică la prețuri mari în Europa,"Riscul unor noi valuri de căldură în luna iulie menține prețurile la energia electrică la un nivel ridicat, după ce temperaturile record din iunie au împins tarifele la cel mai înalt nivel de după criza energetică din 2022.",July's extreme temperatures risk keeping electricity prices high in Europe. The risk of further heatwaves in July is keeping electricity prices high after record temperatures in June pushed rates to their highest level since the 2022 energy crisis.,Iuliae extremae temperaturae periculum servantur pretia electricitatis in Europa alta. Periculum fluctuum ulteriorum mense Iulio custodit pretia electricitatis alta post recordum temperaturas in mense Iunio rates ad summum gradum impulit cum 2022 energiae discriminis.,https://www.digi24.ro/stiri/economie/temperaturile-extreme-din-iulie-risca-sa-tina-energia-electrica-la-preturi-mari-in-europa-3845039,https://s.iw.ro/gateway/g/ZmlsZVNvdXJjZT1odHRwJTNBJTJGJTJG/c3RvcmFnZTA4dHJhbnNjb2Rlci5yY3Mt/cmRzLnJvJTJGc3RvcmFnZSUyRjIwMjYl/MkYwNyUyRjAyJTJGMjgxOTg2N18yODE5/ODY3X0dldHR5SW1hZ2VzLTIyMTMxNTIz/MzEuanBnJnc9MTIwMCZoPTYzMCZ6Yz0x/Jmhhc2g9NjE0ZjIzNDA4MTBiNjY3NTA2ZDcwYmM4Yzk3NmQ2ZTI=.thumb.jpg,,"Riscul unor noi valuri de cldur în luna iulie menine preurile la energia electric la un nivel ridicat, dup ce temperaturile record din iunie au împins tarifele la cel mai înalt nivel de dup criza ene… [+3172 chars]",,2026-07-10 08:50:48+00:00,random,,,
c740fc70cb23ea30ecb0fa50a71311f0,2026-07-03T10:49:43Z,Heat Wave,val de căldură,www.biziday.ro,ro,0.9,"Frankreich, Belgien und die Niederlande verzeichneten während der Hitzewelle mindestens 3.700 zusätzliche Todesfälle. Die Behörden warnen, dass die Maut steigen könnte. Experten zufolge war diese Hitzewelle die schwerste, die jemals in Europa registriert wurde. Die sehr hohen Temperaturen beeinträchtigten die Stromproduktion, verursachten Schäden an der Infrastruktur und stellten eine enorme Belastung für die Gesundheitssysteme dar. …","Franța, Belgia și Olanda au înregistrat cel puțin 3.700 de decese suplimentare pe perioada valului de căldură. Autoritățile avertizează că bilanțul ar putea crește.","Potrivit experților, acest val de căldură a fost cel mai sever înregistrat vreodată în Europa. Temperaturile foarte ridicate au afectat producția de energie electrică, au provocat pagube la infrastructură și au pus o presiune uriașă pe sistemele de sănătate. …","France, Belgium and the Netherlands recorded at least 3,700 additional deaths during the heatwave. Authorities warn that the toll could rise. According to experts, this heat wave was the most severe ever recorded in Europe. The very high temperatures affected electricity production, caused damage to infrastructure and put a huge strain on health systems. …","Gallia, Belgium et Nederlandia exposita sunt saltem 3,700 mortes additae in aestu aestuosa. Auctoritates monent theloneum posse oriri. Secundum peritos, hic calor unda gravissima semper in Europa memoratur. Praealtae temperaturae productio electricitatis affectae, damnum infrastructurae attulit et ingentem iactationem in systemate sanitatis posuit. ...",https://www.biziday.ro/362606-2/,,,"Potrivit experilor, acest val de cldur a fost cel mai sever înregistrat vreodat în Europa. Temperaturile foarte ridicate au afectat producia de energie electric, au provocat pagube la infrastructur i… [+1415 chars]",,2026-07-10 08:50:48+00:00,random,,,
6dbed708cc95f2ccfc44e4f6073dbc30,2026-07-03T14:52:12Z,Earthquake,cutremur,www.realitatea.net,ro,0.9,Die extreme Hitzewelle in Europa hat Schätzungen zufolge bereits zwischen 17.000 und 25.000 Menschen das Leben gekostet. Europa sieht sich mit erschütternden Folgen der heftigsten Hitzewelle der jüngeren Geschichte konfrontiert: Laut einer ersten Schätzung des New Scientist könnten in einer einzigen Woche zwischen 17.000 und 25.000 Menschen gestorben sein.,Valul de căldură extremă din Europa ar fi ucis deja între 17.000 și 25.000 de oameni - estimare,"Europa se confruntă cu un bilanț cutremurător al celui mai intens val de căldură din istoria recentă: între 17.000 și 25.000 de oameni ar fi murit într-o singură săptămână, potrivit unei estimări timpurii publicate de New Scientist.","The extreme heat wave in Europe has already killed between 17,000 and 25,000 people - estimate. Europe is facing a harrowing toll from the most intense heat wave in recent history: between 17,000 and 25,000 people may have died in a single week, according to an early estimate published by New Scientist.","Extremus unda caloris in Europa iam inter 17000 et 25,000 hominum interemptus est. Europa spectat occationem thelonei ex maximo aestu fluctuante in recenti historia: inter 17,000 et 25,000 homines in una septimana periisse possunt, secundum antiquam aestimationem a Nova Scientista editam.",https://www.realitatea.net/stiri/actualitate/valul-de-caldura-extrema-din-europa-ar-fi-ucis-deja-intre-17000-si-25000-de-oameni-estimare-rxjsrp,https://www.realitatea.net/storage/media/7/2026/07/loc-de-scaldat-pe-sena-paris-profimedia-uw0cMB.webp,,"Europa se confrunt cu un bilan cutremurtor al celui mai intens val de cldur din istoria recent: între 17.000 i 25.000 de oameni ar fi murit într-o singur sptmân, potrivit unei estimri timpurii public… [+1640 chars]",,2026-07-10 08:50:48+00:00,random,,,
eab130fd10e5cd45e5b2e8b6fa294e49,2026-07-07T05:59:50Z,Heat Wave,val de căldură,www.realitatea.net,ro,0.9,"Drei Viertel Frankreichs unter Hitzewarnung: Temperaturen bis zu 41 °C und erhöhte Brandgefahr. Frankreich steht am Dienstag vor einer neuen Welle extremer Hitze, wobei Meteorologen in 61 der 96 kontinentalen Departements eine orangefarbene Hitzewellenwarnung aufrechterhalten. Die Temperaturen liegen zwischen 36 und 40 °C, mit Spitzenwerten von 41 °C, vor allem in den zentralen Regionen…","Trei sferturi din Franța, sub alertă de caniculă: temperaturi de până la 41°C și risc crescut de incendii","Franța se confruntă marți cu un nou val de căldură extremă, iar meterologii mențin în 61 din cele 96 de departamente continentale alertă portocalie de caniculă. Temperaturile se vor situa între 36 și 40°C, cu vârfuri de 41°C, în special în regiunile din centr…","Three-quarters of France under heatwave alert: temperatures up to 41°C and increased risk of fires. France faces a new wave of extreme heat on Tuesday, with meteorologists maintaining an orange heatwave alert in 61 of the 96 continental departments. Temperatures will be between 36 and 40°C, with peaks of 41°C, especially in the central regions…","Tres partes Franciae sub undarum intenti: temperaturas usque ad 41°C et periculum ignium auget. Gallia novam undam caloris extremi Martis die Martis respicit, cum astrologi tenentes calorem aurantiacum in 61 ex 96 continentibus Dicasteriis intentum esse contendunt. Temperaturae erunt inter 36 et 40°C, cum cacumina 41°C, praesertim in regionibus centralibus.",https://www.realitatea.net/stiri/actualitate/trei-sferturi-din-franta-sub-alerta-de-canicula-temperaturi-de-pana-la-41c-si-risc-crescut-de-incendii-z69sxa,https://www.realitatea.net/storage/media/7/2026/07/strada-din-nisa-racorita-cu-pulverizatoare-profimedia-2i7Zzf.webp,,"Frana se confrunt mari cu un nou val de cldur extrem, iar meterologii menin în 61 din cele 96 de departamente continentale alert portocalie de canicul. Temperaturile se vor situa între 36 i 40°C, cu … [+651 chars]",,2026-07-10 08:50:48+00:00,random,,,
823224f53e14d7ceaa700ada48d4d689,2026-07-07T11:25:32Z,Heat Wave,val de căldură,www.realitatea.net,ro,0.9,"Europa bereitet sich auf eine weitere extreme Hitzewelle vor. Die WHO warnt davor, dass „tödliche Wochen“ folgen könnten. Die Weltgesundheitsorganisation warnt davor, dass Europa „neue tödliche Wochen“ bevorstehen könnte, da sich über dem Atlantik eine intensive Hitzewelle ausbreitet. Das Phänomen wird mehrere Regionen des Kontinents betreffen, und das Wetter...",Europa se pregătește pentru un nou val de căldură extremă. OMS avertizează că pot urma „săptămâni mortale”,"Organizația Mondială a Sănătății avertizează că Europa s-ar putea confrunta cu „noi săptămâni mortale”, în contextul unui val intens de căldură care se formează deasupra Atlanticului. Fenomenul urmează să afecteze mai multe regiuni ale continentului, iar temp…","Europe is bracing for another extreme heat wave. The WHO warns that ""deadly weeks"" may follow. The World Health Organization is warning that Europe could face ""new deadly weeks"" as an intense heat wave forms over the Atlantic. The phenomenon will affect several regions of the continent, and the weather...","Europa alium calorem maxime stringit unda. QUI monet ut ""mortales hebdomades"" sequantur. Mundus Salus Organizatio monet Europam ""novas hebdomades mortiferas"" subire posse sicut intensus calor fluctus formas super Atlanticum. Phaenomenon varias regiones continentis ac tempestates afficiet.",https://www.realitatea.net/stiri/actualitate/europa-se-pregateste-pentru-un-nou-val-de-caldura-extrema-oms-avertizeaza-ca-pot-urma-saptamani-mortale-oyhfdt,https://www.realitatea.net/storage/media/5/2025/06/canicula-%282%29_406ddcc38d.webp,,"Organizaia Mondial a Sntii avertizeaz c Europa s-ar putea confrunta cu noi sptmâni mortale, în contextul unui val intens de cldur care se formeaz deasupra Atlanticului. Fenomenul urmeaz s afecteze ma… [+3188 chars]",,2026-07-10 08:50:48+00:00,random,,,
ff06eb990b8ccf692a0dbcc4cb96d034,2026-07-07T12:01:44Z,Heat Wave,căldură,www.biziday.ro,ro,0.9,"Umfrage. Die Hitzewellen der letzten Wochen haben bei den Menschen zu großen Schlafstörungen geführt. Allein im Vereinigten Königreich waren Millionen von Menschen betroffen und berichteten, dass sie sich unwohl fühlten und Schwierigkeiten hatten, ihren täglichen Aktivitäten nachzugehen. Eine von YouGov für Greenpeace im Vereinigten Königreich durchgeführte Umfrage zeigt, dass die Hitzewelle Ende Juni im Vereinigten Königreich bei Millionen von Menschen Schlaflosigkeit verursachte und ihre Gesundheit und ihre täglichen Aktivitäten beeinträchtigte. Zwei Drittel von…","Sondaj. Valurile de căldură din ultimele săptămâni au provocat oamenilor tulburări majore de somn. Doar în Marea Britanie, milioane de persoane au fost afectate și au acuzat stări de rău și dificultăți în a-și desfășura activitățile zilnice.",Un sondaj realizat de YouGov pentru Greenpeace în Regatul Unit arată că valul de căldură de la sfârșitul lunii iunie din Marea Britanie a provocat lipsă de somn pentru milioane de oameni și le-a afectat sănătatea și activitatea de zi cu zi. Două treimi dintre…,"Survey. The heatwaves of the last few weeks have caused major sleep disturbances for people. In the UK alone, millions of people were affected and reported feeling unwell and having difficulty carrying out their daily activities.. A survey carried out by YouGov for Greenpeace in the UK shows that the heat wave at the end of June in the UK caused sleeplessness for millions of people and affected their health and daily activities. Two thirds of…",Accursius. Calores ultimarum paucis hebdomadibus maiorem somnum perturbationibus hominibus obiecerunt. In UK sola decies centena milia hominum affecti et renuntiaverunt aegre et difficultatem ad cotidianas actiones exercendas habent. Circumspectio a YouGov pro Greenpeace in UK peracta ostendit calorem aestus fluctui exeunte Iunio in UK insomnem facere pro decies centena hominum et valetudinem et cotidianas operationes suas affectasse. Duae tertiae partes…,https://www.biziday.ro/362863-2/,https://cdn.biziday.ro/wp-content/uploads/2026/07/dreamstime_m_120792152-1024x683.jpg,,Un sondaj realizat de YouGov pentru Greenpeace în Regatul Unit arat c valul de cldur de la sfâritul lunii iunie din Marea Britanie a provocat lips de somn pentru milioane de oameni i le-a afectat snt… [+3573 chars],,2026-07-10 08:50:48+00:00,random,,,
b54c4b23a1a5547d047fd0515299a5fa,2026-07-08T05:07:11Z,Heat Wave,căldură,www.realitatea.net,ro,0.9,"Großbritannien wird von einer neuen Hitzewelle heimgesucht: Warnungen in England und Höchstwerte von 36°C. Britische Behörden haben in ganz England orange-gelbe Gesundheitswarnungen herausgegeben, inmitten einer Hitzewelle, die zu einer der längsten seit fünf Jahrzehnten werden könnte. Meteorologen schätzen, dass die Temperaturen ... erreichen werden.","Marea Britanie, lovită de un nou val de căldură: alerte în Anglia și maxime de 36°C","Autoritățile britanice au emis alerte de sănătate de nivel portocaliu și galben în toată Anglia, pe fondul unui val de căldură care ar putea deveni unul dintre cele mai îndelungate din ultimele cinci decenii. Meteorologii estimează că temperaturile vor ajunge…","Great Britain, hit by a new heat wave: alerts in England and highs of 36°C. British authorities have issued orange and yellow health alerts across England amid a heat wave that could become one of the longest in five decades. Meteorologists estimate that temperatures will reach...","Magna Britannia, novo aestu unda percussa: summis in Anglia et grauis 36°C. Auctoritates Britanniae aurantiaca et flava in summis trans Angliam salutem ediderunt inter fluctus aestus qui unus ex longissimis quinque decenniis fieri potuit. Astrologi existimant temperaturas attingere...",https://www.realitatea.net/stiri/actualitate/marea-britanie-lovita-de-un-nou-val-de-caldura-alerte-in-anglia-si-maxime-de-36c-u3ficf,https://www.realitatea.net/storage/media/7/2026/07/canicula-marea-britanieprofimedia-gt6PdI.webp,,"Autoritile britanice au emis alerte de sntate de nivel portocaliu i galben în toat Anglia, pe fondul unui val de cldur care ar putea deveni unul dintre cele mai îndelungate din ultimele cinci decenii… [+3362 chars]",,2026-07-10 08:50:48+00:00,random,,,
fd7774ed9df1f06b380f7fdb7f98c78a,2026-07-08T08:08:46Z,Heat Wave,căldură,www.digi24.ro,ro,0.9,"Großbritannien erlebt eine der längsten Hitzewellen seit 50 Jahren. In ganz England wurden orangefarbene und gelbe Gesundheitswarnungen für Hitzewellen eingeführt, während sich Großbritannien auf eine der längsten Hitzewellen seit 1976 vorbereitet, berichtet die BBC.",Marea Britanie se confruntă cu unul dintre cele mai îndelungate valuri de căldură din ultimii 50 de ani,"Alerte de sănătate legate de caniculă de nivel portocaliu şi galben au intrat în vigoare în toată Anglia, în timp ce Marea Britanie se pregăteşte pentru unul dintre cele mai îndelungate valuri de căldură din 1976, transmite BBC.","Britain is experiencing one of the longest heatwaves in 50 years. Orange and yellow heatwave health alerts have been put in place across England as Britain braces for one of its longest heatwaves since 1976, the BBC reports.","Britannia unam ex longissimis aestubus in 50 annis experitur. Orange et flava in summis caliditatibus heatwave trans Angliam positae sunt sicut Britannia unam e longissimis caloribus suis ab anno 1976, BBC refert.",https://www.digi24.ro/stiri/externe/marea-britanie-se-confrunta-cu-unul-dintre-cele-mai-indelungate-valuri-de-caldura-din-ultimii-50-de-ani-3852459,https://s.iw.ro/gateway/g/ZmlsZVNvdXJjZT1odHRwJTNBJTJGJTJG/c3RvcmFnZTA4dHJhbnNjb2Rlci5yY3Mt/cmRzLnJvJTJGc3RvcmFnZSUyRjIwMjYl/MkYwNiUyRjMwJTJGMjgxNTE0NF8yODE1/MTQ0X3Rlcm1vbWV0cnUtc29hcmUtY2Fu/aWN1bGEtc2h1dHRlcnN0b2NrLmpwZyZ3/PTEyMDAmaD02MzAmemM9MSZoYXNoPWYx/MTQ1MWVkOGM2YzU3ZTc4NWRhMTJmOGMyOTBmZjkw.thumb.jpg,,"Alerte de sntate legate de canicul de nivel portocaliu i galben au intrat în vigoare în toat Anglia, în timp ce Marea Britanie se pregtete pentru unul dintre cele mai îndelungate valuri de cldur din … [+3081 chars]",,2026-07-10 08:50:48+00:00,random,,,
ce74dea97661ed00b82debc16d1caa4a,2026-07-09T03:17:11Z,Heat Wave,căldură,www.mediafax.ro,ro,0.9,"Westeuropa verzeichnete den wärmsten Juni seit Beginn der Aufzeichnungen. Der Juni 2026 war der heißeste Juni, der jemals in Westeuropa gemessen wurde, wie das Klimaobservatorium Copernicus der EU am Donnerstag enthüllte, als eine neue Hitzewelle über den Kontinent fegte.",Europa de Vest a înregistrat cea mai caldă lună iunie din istorie,"Iunie 2026 a fost cea mai fierbinte lună iunie înregistrată vreodată în Europa de Vest, a dezvăluit joi observatorul climatic Copernicus al UE, în contextul în care un nou val de căldură s-a instalat pe continent.","Western Europe recorded its warmest June on record. June 2026 was the hottest June ever recorded in Western Europe, the EU's Copernicus climate observatory revealed on Thursday, as a new heat wave swept across the continent.","In Europa occidentalis calidissimum suum Iunium in memoriam memoriae prodidit. Iunii 2026 calidissimus Iunius umquam in Europa occidentali memoravit, observationis climatis Copernici die Iovis revelatum est, ut novus calor fluctus per continentem raperetur.",https://www.mediafax.ro/externe/europa-de-vest-a-inregistrat-cea-mai-calda-luna-iunie-din-istorie-23769253,https://www.mediafax.ro/wp-content/uploads/2025/06/7982652-mediafax_foto-alexandru_dobre-scaled.jpg,,"Temperatura medie din Europa de Vest a atins 20,74°C în iunie, cu peste 3°C peste media din perioada 1991-2020, a detaliat Copernicus într-un raport lunar, depind recordul anterior din regiune, stabi… [+1361 chars]",,2026-07-10 08:50:48+00:00,random,,,
93af9fb9d6a8b6fa13f7a7830a8b187b,2026-07-08T16:45:53Z,Thunderstorm,furtună,adevarul.ro,ro,0.9,"Bilder des Sandsturms, der die Touristen vom Strand in Eforie Nord trieb, während des Gelbcodes in Dobrogea. Momente der Panik am Mittwoch am Strand von Eforie Nord, wo der starke Wind einen Sandsturm verursachte. Touristen packten eilig ihre Sachen und suchten Schutz, da Windböen die Sicht beeinträchtigten und über den Strand fegten.","Imagini cu furtuna de nisip care i-a alungat pe turiștii de pe plaja din Eforie Nord, în timpul codului galben din Dobrogea","Momente de panică, miercuri, pe plaja din Eforie Nord, unde vântul puternic a provocat o furtună de nisip. Turiștii și-au strâns în grabă lucrurile și au căutat adăpost, în timp ce rafalele au redus vizibilitatea și au măturat plaja.","Images of the sandstorm that drove the tourists off the beach in Eforie Nord, during the yellow code in Dobrogea. Moments of panic, on Wednesday, on the beach in Eforie Nord, where the strong wind caused a sandstorm. Tourists hurriedly packed their belongings and sought shelter as gusts reduced visibility and swept the beach.","Imagines harenae quae peregrinatores ab litore in Eforie Nord expulerunt, in codice flavo in Dobrogea. Tempus terroris, die Mercurii, in litore Eforie Nord, ubi ventus vehemens arenam effecit. Peregrinatores raptim stipata sua supellectilia tutabantur, ut procellis visibilitatem reduceret, et litus traheret.",https://adevarul.ro/stiri-locale/constanta/imagini-cu-furtuna-de-nisip-care-i-a-alungat-pe-2541905.html,https://cdn.adh.reperio.news/image-e/e14b81db-2f8d-4c2e-baa6-a836906a605b/index.png?p=f%3Djpeg%26w%3D1200%26h%3D630%26r%3Dcover,,"Momente de panic, miercuri, pe plaja din Eforie Nord, unde vântul puternic a provocat o furtun de nisip. Turitii i-au strâns în grab lucrurile i au cutat adpost, în timp ce rafalele au redus vizibili… [+1103 chars]",,2026-07-11 16:29:24+00:00,random,,,
f3d9076d44ccb3920477669060e9512b,2026-07-01T04:45:30Z,Precipitation,furtună,www.mediafax.ro,ro,0.9,Chaos in Bukarest nach dem Sturm: Über 1.000 Feuerwehreinsätze in den letzten Stunden / U-Bahn-Station Piața Victoriei 2 geschlossen / Feuerwehrleute schwammen zu einem Einsatz in Sektor 1. Feuerwehrleute im Raum Bukarest-Ilfov hatten in den letzten 24 Stunden infolge des Sturms 1.000 Einsätze. Außerdem bereiten sie sich auf weitere 950 Einsätze vor. Einsätze gibt es auch in anderen Teilen des Landes. Eine Person starb während des Sturms und…,"Haos în București după furtună: Peste 1.000 de intervenții ale pompierilor în ultimele ore / Stația de metrou Piața Victoriei 2, închisă / Pompierii au înotat la o intervenție în Sectorul 1","Pompierii din zona București-Ilfov au avut 1.000 de misiuni în ultimele 24 de ore ca urmare a furtunii de marți. De asemenea, ei se pregătesc pentru alte 950 de intervenții. Operațiuni sunt și în alte zone ale țării. O persoană a murit în timpul furtunii, iar…","Chaos in Bucharest after the storm: Over 1,000 interventions by firefighters in the last hours / Piața Victoriei 2 metro station, closed / Firefighters swam to an intervention in Sector 1. Firefighters in the Bucharest-Ilfov area had 1,000 missions in the last 24 hours as a result of Tuesday's storm. They are also preparing for another 950 interventions. Operations are also in other areas of the country. One person died during the storm, and…","Chaos in Bucharest post tempestatem: Plus 1,000 interventus ab ignitoribus in ultimis horis / Piața Victoriei 2 statione metro clausa / Firefighters ad interveniendum in Sector natavit 1. Firefighters in area Bucharest-Ilfov 1000 missiones proximis 24 horis propter tempestatem Martis habuit. Etiam ad alium 950 interventus parant. Operationes etiam in aliis regionibus sunt. Unus homo in tempestate mortuus est, et…",https://www.mediafax.ro/social/haos-in-bucuresti-dupa-furtuna-peste-1-000-de-interventii-ale-pompierilor-in-ultimele-ore-statia-de-metrou-piata-victoriei-2-inchisa-pompierii-au-inotat-la-o-interventie-din-sectorul-1-23764497,https://www.mediafax.ro/wp-content/uploads/2026/07/furtuna.jpeg,,"O important staie de metrou, închis dup ce a fost inundat
Ploile abundente din cursul nopii de mari spre miercuri afecteaz circulaia metrourilor din Capital. În urma infiltraiilor, o important staie… [+2847 chars]",,2026-07-12 16:31:08+00:00,random,,,
47e3b37060230eeb8d87825c93611aa8,2026-07-01T05:16:52Z,Precipitation,furtună,adevarul.ro,ro,0.9,"Piața Victoriei 2, nach dem Sturm überflutet: Das Wasser erreichte die Plattform. Bei Dutzenden STB-Leitungen kommt es zu Verzögerungen oder Blockaden. Die heftigen Regenfälle, die Bukarest in der Nacht von Dienstag auf Mittwoch heimsuchten, führten zu erheblichen Blockaden im öffentlichen Nahverkehr.","Piața Victoriei 2, inundată după furtună: apa a ajuns până la peron. Zeci de linii STB înregistrează întârzieri sau blocaje",Ploile torențiale care au lovit Bucureștiul în noaptea de marți spre miercuri au provocat blocaje majore în transportul public.,"Piața Victoriei 2, flooded after the storm: the water reached the platform. Dozens of STB lines are experiencing delays or blockages. The torrential rains that hit Bucharest in the night from Tuesday to Wednesday caused major blockages in public transport.","Piața Victoriei II, post tempestatem inundata: aqua pervenit in suggestum. Dozens of STB lines experiuntur moras vel impedimenta. Imbres torrentes qui Bucharest noctu a die Martis ad Mercurii diem Martis maiorem impedimenta in publico onerario percusserunt effecit.",https://adevarul.ro/stiri-locale/bucuresti/piata-victoriei-2-sub-ape-dupa-furtuna-apa-a-2540142.html,https://cdn.adh.reperio.news/image-0/0be31013-0b39-4724-b284-d1fd593972ab/index.png?p=f%3Djpeg%26w%3D1200%26h%3D630%26r%3Dcover,,"Ploile toreniale care au lovit Bucuretiul în noaptea de mari spre miercuri au provocat blocaje majore în transportul public. Zeci de linii STB înregistreaz întârzieri, blocaje sau circul pe trasee mo… [+2287 chars]",,2026-07-12 16:31:08+00:00,random,,,
7315bec15ac81bec64de65aaf8281de2,2026-07-01T08:11:25Z,Thunderstorm,furtună,www.digi24.ro,ro,0.9,"IGSU-Empfehlungen nach den neuen Sturmwarnungen der ANM. Die Generalinspektion für Notsituationen sandte am Mittwoch Empfehlungen an die Bevölkerung, nachdem die Nationale Meteorologische Behörde neue Warnungen vor erhöhter atmosphärischer Instabilität herausgegeben hatte.",Recomandările IGSU după noile alerte de furtună emise de ANM,"Inspectoratul General pentru Situații de Urgență a transmis miercuri recomandări pentru populație, după noile avertizări de instabilitate atmosferică accentuată emise de Administrația Națională de Meteorologie.","IGSU recommendations after the new storm alerts issued by ANM. The General Inspectorate for Emergency Situations sent recommendations for the population on Wednesday, after the new warnings of heightened atmospheric instability issued by the National Meteorological Administration.","IGSU monita nova post erecta tempestate edita ab ANM. Inspector Generalis de condicionibus tumultuariis commendationes hominum die Mercurii misit, postquam novae admonitiones auctae instabilitatis atmosphaeriae Nationalis Meteorologicae Administrationis editae sunt.",https://www.digi24.ro/stiri/actualitate/recomandarile-igsu-dupa-noile-alerte-de-furtuna-emise-de-anm-3842091,https://s.iw.ro/gateway/g/ZmlsZVNvdXJjZT1odHRwJTNBJTJGJTJG/c3RvcmFnZTA4dHJhbnNjb2Rlci5yY3Mt/cmRzLnJvJTJGc3RvcmFnZSUyRjIwMjYl/MkYwNyUyRjAxJTJGMjgxNTc1Ml8yODE1/NzUyX0lOU1RBTlRfVVJNQVJJX0NPRF9S/T1NVXzA0X0lOUVVBTV9QaG90b3NfT2N0/YXZfR2FuZWEuanBnJnc9MTIwMCZoPTYz/MCZ6Yz0xJmhhc2g9Y2E3Nzc1MmUzZjY2ZTk1MzcyM2M0MTcwODViYWIzNjk=.thumb.jpg,,"Inspectoratul General pentru Situaii de Urgen a transmis miercuri recomandri pentru populaie, dup noile avertizri de instabilitate atmosferic accentuat emise de Administraia Naional de Meteorologie.… [+1242 chars]",,2026-07-12 16:31:08+00:00,random,,,
fd35b7073083b6852fef3141766ca656,2026-07-01T12:46:40Z,Thunderstorm,furtună,www.digi24.ro,ro,0.9,"Feuer in der U-Bahn nach dem Sturm: U-Bahn-Station Universitate, gesperrt. Die Passagiere wurden evakuiert. Ein am Mittwoch in der U-Bahn-Station Universitate ausgebrochener Brand führte zu Verkehrsbehinderungen und zur Evakuierung von Passagieren, nachdem eine Isolierung vor dem Hintergrund des Eindringens von Wasser und erhöhter Luftfeuchtigkeit nach dem heftigen Sturm, der die Hauptstadt heimgesucht hatte, Feuer fing.","Incendiu la metrou după furtună: stația Universitate, blocată. Călătorii au fost evacuați","Un incendiu izbucnit miercuri în stația de metrou Universitate a provocat blocarea circulației și evacuarea călătorilor, după ce un izolator a luat foc pe fondul infiltrațiilor de apă și al umidității crescute, în urma furtunii violente care a afectat Capital…","Fire on the subway after the storm: Universitate station, blocked. The passengers were evacuated. A fire that broke out on Wednesday in the Universitate metro station caused the blocking of traffic and the evacuation of passengers, after an insulator caught fire against the background of water infiltration and increased humidity, following the violent storm that affected the Capital…","Ignis in hamaxosticho post tempestatem: Universitas stationis obsessa est. Vectores excesserant. Ignis die Mercurii in statione metrorum Universitatis orta interclusio negotiationis et viatorum evacuatio effecit, postquam insulator ignem in curriculo aquae infiltration comprehendit et humiditatem augebat, sequens tempestas vehementia Capital…",https://www.digi24.ro/stiri/actualitate/incendiu-la-metrou-dupa-furtuna-statia-universitate-blocata-calatorii-au-fost-evacuati-3842877,https://s.iw.ro/gateway/g/ZmlsZVNvdXJjZT1odHRwJTNBJTJGJTJG/c3RvcmFnZTA4dHJhbnNjb2Rlci5yY3Mt/cmRzLnJvJTJGc3RvcmFnZSUyRjIwMjYl/MkYwNCUyRjA4JTJGMjY3Nzg0NV8yNjc3/ODQ1X2NhbGF0b3JpLW1ldHJvdS1mb3Rv/LW1ldHJvcmV4LTEuanBnJnc9MTIwMCZo/PTYzMCZ6Yz0xJmhhc2g9MGU3YWU0MTQ2NTUxMzY2NDNiZDdhOTdlNTVjNzk5NjY=.thumb.jpg,,"Un incendiu izbucnit miercuri în staia de metrou Universitate a provocat blocarea circulaiei i evacuarea cltorilor, dup ce un izolator a luat foc pe fondul infiltraiilor de ap i al umiditii crescute,… [+725 chars]",,2026-07-12 16:31:08+00:00,random,,,
cdb04fcaebeff18cedca5dd05d17049f,2026-07-01T14:33:58Z,Precipitation,furtună,www.biziday.ro,ro,0.9,"Sofortige Code-Rote Sturmwarnung in Ilfov, für die Gebiete Găneasa, Grădiștea, Petrăchioaia, Dascălu, in der nächsten Stunde. Meteorologen kündigen sintflutartige Regenfälle, Windgeschwindigkeiten von 90 km/h und Hagel an. Die Nationale Meteorologische Behörde hat für die Ortschaften Găneasa, Grădiștea, Petrăchioaia und Dascălu eine Warnmeldung „Now Casting Code Red“ herausgegeben, die zwischen 17:35 und 18:20 Uhr gültig ist. Es werden starke Stürme mit Windgeschwindigkeiten von über 90 km/h erwartet.","Avertizare imediată Cod Roșu de furtună în Ilfov, pentru zonele Găneasa, Grădiștea, Petrăchioaia, Dascălu, în următoarea oră. Meteorologii anunță ploi torențiale, vânt de 90 km/h și grindină.","Administrația Națională de Meteorologie a emis o avertizare Now Casting Cod Roșu valabilă în intervalul 17:35-18:20, pentru localitățile Găneasa, Grădiștea, Petrăchioaia și Dascălu. Sunt așteptate vijelie puternică, cu viteze ale vântului de peste 90 km/h la …","Immediate Code Red storm warning in Ilfov, for the areas of Găneasa, Grădiștea, Petrăchioaia, Dascălu, in the next hour. Meteorologists announce torrential rains, wind of 90 km/h and hail.. The National Meteorological Administration has issued a Now Casting Code Red warning valid between 17:35-18:20, for the localities of Găneasa, Grădiștea, Petrăchioaia and Dascălu. Strong gales are expected, with wind speeds of over 90 km/h at …","Immediatus Codex Red tempestas observavit in Ilfov, in locis Ganeasae, Graditea, Petrachioaia, Dascaliae, in hora altera. Meteorologi nuntiant imbres torrentes, ventum 90 km/h et grando.. Nationali Meteorologico Administrationis edita nunc Codicis Rubri admonitionem fundens valida inter 17:35-18:20, pro locis Găneasa, Gradiștea, Petrăchioaia et Dascălu. Fortis aurae exspectantur, cum velocitates ventorum super 90 km/h in ...",https://www.biziday.ro/362450-2/,,,"Administraia Naional de Meteorologie a emis o avertizare Now Casting Cod Rou valabil în intervalul 17:35-18:20, pentru localitile Gneasa, Grditea, Petrchioaia i Dasclu.
Sunt ateptate vijelie puterni… [+407 chars]",,2026-07-12 16:31:08+00:00,random,,,
d6aa3247e3c80e8b80e9c05412558821,2026-07-01T15:06:07Z,Thunderstorm,furtună,adevarul.ro,ro,0.9,"Bukarest wird erneut von Unwettern heimgesucht. Roter Code für sintflutartige Regenfälle in mehreren Landkreisen. Die Nationale Meteorologische Verwaltung (ANM) gab am Mittwoch, dem 1. Juli, drei Sturmwarnungen des Codes Rot für Bukarest und den Kreis Ilfov sowie eine Warnung des Codes Orange für die Kreise Constanța und Tulcea heraus. In den Zielgebieten wurden übertragen...","Bucureștiul, vizat din nou de furtuni. Cod roșu de ploi torențiale în mai multe județe","Administrația Națională de Meteorologie (ANM) a emis miercuri, 1 iulie, trei avertizări de Cod roșu de furtună pentru București și județul Ilfov, precum și o avertizare de Cod portocaliu pentru județele Constanța și Tulcea. În zonele vizate au fost transmise …","Bucharest, targeted again by storms. Red code of torrential rain in several counties. The National Meteorological Administration (ANM) issued on Wednesday, July 1, three Code Red storm warnings for Bucharest and Ilfov county, as well as a Code Orange warning for Constanța and Tulcea counties. In the targeted areas were transmitted...","Bucharest, iterum procellis iaculis. Red codice imbres torrentiales in pluribus comitatibus. Administratio Meteorologica Nationalis (ANM) die Mercurii, I Iulii, tres Codicis Rubei monita tempestatis pro Comitatu Bucharesti et Ilfov edita, necnon Codex Aureus monitus pro Comitatibus Constanța et Tulcea. In iaculis elit vitae cursus.",https://adevarul.ro/stiri-interne/meteo/bucurestiul-vizat-din-nou-de-furtuni-cod-rosu-de-2540336.html,https://cdn.adh.reperio.news/image-c/c4d4f7df-81df-48c1-af7b-0a75234681b8/index.jpeg?p=f%3Djpeg%26w%3D1200%26h%3D630%26r%3Dcover,,"Administraia Naional de Meteorologie (ANM) a emis miercuri, 1 iulie, trei avertizri de Cod rou de furtun pentru Bucureti i judeele Ilfov i Ialomia, precum i o avertizare de Cod portocaliu pentru jude… [+2630 chars]",,2026-07-12 16:31:08+00:00,random,,,
13f6114884410de1f137660747e88712,2026-07-02T08:02:49Z,Thunderstorm,grindină,www.biziday.ro,ro,0.9,"Für das ganze Land gilt bis Samstagmorgen Sturmwarnung mit mengenmäßig erheblichem Regen, Windgeschwindigkeiten zwischen 70-100 km/h und kleinem und mittlerem Hagel. Code Orange in den meisten Regionen. Die National Meteorological Administration (ANM) hat eine Warnung vor instabilem Wetter herausgegeben, die von heute bis Freitag um 03.00 Uhr gültig ist. Zwei Codes sind in Kraft getreten, einer in Orange und einer in Gelb, und Meteorologen warnen, dass in mehreren Regionen des Landes...","Toată țara intră până sâmbătă dimineață sub avertizări de furtună, cu ploi însemnate cantitativ, vânt cu viteze între 70 – 100 km/h și grindină de dimensiuni mici și medii. Cod Portocaliu în majoritatea regiunilor.","Administrația Națională de Meteorologie (ANM) a emis o avertizare de vreme instabilă, valabilă de astăzi până vineri, ora 03.00. Au intrat în vigoare două coduri, unul portocaliu și unul galben, iar meteorologii avertizează că în mai multe regiuni ale țării s…","The whole country goes under storm warnings until Saturday morning, with quantitatively significant rain, wind speeds between 70-100 km/h and small and medium-sized hail. Code Orange in most regions.. The National Meteorological Administration (ANM) has issued an unstable weather warning, valid from today until Friday at 03.00. Two codes have entered into force, one orange and one yellow, and meteorologists warn that in several regions of the country...","Tota terra monitis tempestatis usque ad mane Sabbati it, cum pluvia quantitatis significantibus, celeritatibus ventorum inter 70-100 km/h et grandinem parvum et mediocrem. Codex Orange in plerisque regionibus. Administratio Meteorologica Nationalis (ANM) tempestatem instabilem admonitionem edidit, valida ab hodierno die usque ad diem Veneris 03.00. Duo codices vim inierunt, unus aurantiacus et unus flavus, et astrologi monent in pluribus regionibus regionis...",https://www.biziday.ro/362525-2/,https://cdn.biziday.ro/wp-content/uploads/2026/07/Harta-1-cod-portocaliu.jpeg,,"Administraia Naional de Meteorologie (ANM) a emis o avertizare de vreme instabil, valabil de astzi pân vineri, ora 03.00. Au intrat în vigoare dou coduri, unul portocaliu i unul galben, iar meteorolo… [+2045 chars]",,2026-07-12 16:31:08+00:00,random,,,
2f46094367a3126d35b36f09d94f0ee8,2026-07-02T16:28:35Z,Thunderstorm,furtună,www.biziday.ro,ro,0.9,"Suceava-Sofortcode Warnung vor einem roten Sturm für die Gebiete Campulung Moldovenesc, Moldovița, Putna, Vatra Moldoviței und zahlreiche andere Orte im Kreis. Mindestens bis 20:00 Uhr gibt es starken Regen und Blitze. Nach den Regenfällen der letzten Stunden haben sich bereits über 50 l/m2 angesammelt. Die National Meteorological Administration (ANM) hat für mehrere Orte im Kreis Suceava eine Sturmwarnung mit dem Code Red herausgegeben. Die Warnung gilt bis mindestens 20 Uhr. Meteorologen kündigen sintflutartige Schauer an, die sich lokal über 25–30 Jahre ansammeln werden.","Suceava. Avertizare imediată Cod Roșu de furtună, pentru zonele Câmpulung Moldovenesc, Moldovița, Putna, Vatra Moldoviței și numeroase alte localități din județ. Cel puțin până la ora 20, va ploua torențial și vor fi descărcări electrice. În urma ploilor din ultimele ore, deja s-au acumulat peste 50 l/mp.",Administrația Națională de Meteorologie (ANM) a emis o avertizare Cod Roșu de furtună pentru mai multe localități din județul Suceava. Avertizarea este valabilă până la cel puțin ora 20. Meteorologii anunță averse torențiale care vor acumula local peste 25-30…,"Suceava Immediate Code Red storm warning for the areas of Campulung Moldovenesc, Moldovița, Putna, Vatra Moldoviței and numerous other localities in the county. At least until 20:00, there will be heavy rain and lightning. Following the rains of the last few hours, more than 50 l/m2 have already accumulated. The National Meteorological Administration (ANM) has issued a Code Red storm warning for several localities in Suceava county. The warning is valid until at least 8 p.m. Meteorologists announce torrential showers that will accumulate locally over 25-30...","Suceava Immediatus Codex Rubeus tempestate monitus pro locis Campulung Moldovenesc, Moldovița, Putna, Vatra Moldoviței et alia multa in com. Saltem usque ad 20:00, erit pluvia et fulgur. Post imbres ultimarum paucarum horarum plus quam 50 l/m2 iam congestae sunt. Administratio Meteorologica Nationalis (ANM) Codicis Rubri admonitio aliquot locorum in Comitatu Suceava edidit. Cautio valet usque ad minimum VIII a.m. Meteorologistae denuntiant imbres torrentes qui localiter super 25-30 ... accumulabunt",https://www.biziday.ro/362571-2/,,,Administraia Naional de Meteorologie (ANM) a emis o avertizare Cod Rou de furtun pentru mai multe localiti din judeul Suceava. Avertizarea este valabil pân la cel puin ora 20. Meteorologii anun avers… [+816 chars],,2026-07-12 16:31:08+00:00,random,,,
4a98f1e5656a93658663af564e15a2e0,2026-07-02T16:38:52Z,Precipitation,furtună,www.biziday.ro,ro,0.9,"Maramureș. Sofortige Code-Rote-Sturmwarnung für die Gebiete Borșa, Vișeu de Sus, Repedea und viele andere Orte im Kreis. Mindestens bis 20:40 Uhr wird es heftig regnen und blitzen. Nach den Regenfällen der letzten Stunden haben sich bereits über 50 l/m2 angesammelt. Die Nationale Meteorologische Verwaltung (ANM) hat für mehrere Orte im Kreis Maramureș eine Sturmwarnung des Code-Rot-Codes herausgegeben, die bis mindestens 20:40 Uhr gültig ist. Meteorologen kündigen sintflutartige Regenfälle an, die sich lokal mit über 25 l/m2 ansammeln und...","Maramureș. Avertizare imediată Cod Roșu de furtună, pentru zonele Borșa, Vișeu de Sus, Repedea și numeroase alte localități din județ. Cel puțin până la ora 20:40, va ploua torențial și vor fi descărcări electrice. În urma ploilor din ultimele ore, deja s-au acumulat peste 50 l/mp.","Administrația Națională de Meteorologie (ANM) a emis o avertizare Cod Roșu de furtună pentru mai multe localități din județul Maramureș, valabilă până cel puțin la ora 20:40. Meteorologii anunță averse torențiale care vor acumula local peste 25 l/mp și vor fi…","Maramureș. Immediate Code Red storm warning for the areas of Borșa, Vișeu de Sus, Repedea and many other localities in the county. At least until 20:40, there will be heavy rain and lightning. Following the rains of the last few hours, more than 50 l/m2 have already accumulated. The National Meteorological Administration (ANM) has issued a Code Red storm warning for several localities in Maramureș county, valid until at least 8:40 p.m. Meteorologists announce torrential downpours that will accumulate locally over 25 l/m2 and will be...","Maramure. Immediatus Codex Rubeus tempestas observavit regiones Borșa, Vișeu de Sus, Repedea et multae aliae in comitatu locali. Saltem usque ad 20:40, erit pluvia et fulgur. Post imbres ultimarum paucarum horarum plus quam 50 l/m2 iam congestae sunt. Administratio Meteorologica Nationalis (ANM) Codicem Red tempestatem monitum pro pluribus locis in comitatu Maramure edidit, validum usque ad minimum 8:40 a.m. Meteorologi nuntiant imbres torrentes qui locum super 25 l/m2 coacervabunt et erunt...",https://www.biziday.ro/362575-2/,,,"Administraia Naional de Meteorologie (ANM) a emis o avertizare Cod Rou de furtun pentru mai multe localiti din judeul Maramure, valabil pân cel puin la ora 20:40. 
Meteorologii anun averse toreniale… [+596 chars]",,2026-07-12 16:31:08+00:00,random,,,
66c0bdf7c2b055005163bbf2c1002f21,2026-07-03T10:27:43Z,Snow&Ice,ger,adevarul.ro,ro,0.9,"Was tun, wenn Sie in ein Gewitter geraten: Die Regeln, die Ihr Leben retten können. In Rumänien wird vor sintflutartigen Regenfällen, Stürmen und elektrischen Entladungen gewarnt, und Experten machen darauf aufmerksam, dass eine scheinbar triviale Geste, wie etwa das Unterschlupfen unter einem Baum, tödlich sein kann.",Ce să faci dacă ești surprins de o furtună cu fulgere și trăsnete: regulile care îți pot salva viața,"România se află sub avertizări de ploi torențiale, vijelii și descărcări electrice, iar specialiștii atrag atenția că un gest aparent banal, precum adăpostirea sub un copac, poate deveni fatal.","What to do if you are caught in a lightning storm: the rules that can save your life. Romania is under warnings of torrential rains, storms and electrical discharges, and specialists draw attention to the fact that a seemingly trivial gesture, such as sheltering under a tree, can become fatal.","Quid faciam, si te tempestate fulmine deprensum: praecepta, quae possunt animam servare tuam. Romania monitis imbribus, procellis et electricis obit, et magistri animum intendunt quod quasi levis gestus, ut sub arbore obumbrans, mortifera fieri potest.",https://adevarul.ro/stiri-interne/societate/ce-sa-faci-daca-esti-surprins-de-o-furtuna-cu-2540789.html,https://cdn.adh.reperio.news/image-c/c2cfcd5c-a92d-404f-840a-f11ada80d86b/index.jpeg?p=f%3Djpeg%26w%3D1200%26h%3D630%26r%3Dcover,,"România se afl sub avertizri de ploi toreniale, vijelii i descrcri electrice, iar specialitii atrag atenia c un gest aparent banal, precum adpostirea sub un copac, poate deveni fatal. Medicul Tudor C… [+4264 chars]",,2026-07-12 16:31:08+00:00,random,,,
a13386b3c59f902d8ea2bfa9b7409240,2026-07-07T05:06:49Z,Heat Wave,val de căldură,www.realitatea.net,ro,0.9,"Riesige Hitzewelle im pazifischen Meer. Das Phänomen, das das Wetter auf der Welt in den kommenden Monaten verändern kann. Eine gewaltige Meereshitzewelle fegt über den Pazifischen Ozean und bedeckt eine Fläche, die mehr als achtmal so groß ist wie das Festland der Vereinigten Staaten. Das Phänomen ist so weitreichend, dass es das Wetter in mehreren Regionen der Welt beeinflussen könnte...",Val uriaș de căldură marină în Pacific. Fenomenul care poate schimba vremea în lume în următoarele luni,Un val masiv de căldură marină se întinde de-a lungul Oceanului Pacific și acoperă o suprafață de peste opt ori mai mare decât cea a Statelor Unite continentale. Fenomenul este atât de extins încât ar putea influența vremea din mai multe regiuni ale lumii în …,Huge Pacific Marine Heat Wave. The phenomenon that can change the weather in the world in the coming months. A massive marine heat wave is sweeping across the Pacific Ocean and covers an area more than eight times the size of the continental United States. The phenomenon is so extensive that it could influence the weather in several regions of the world in...,"Ingens Pacific Marine Caloris unda. Res, quae in mundo futurorum mensium tempestatem mutare potest. Ingens aestus marinus trans Oceanum Pacificum verrit et aream plus quam octies magnitudinem Americae continentalis operit. Res tam ampla est ut tempestatem in pluribus mundi regionibus influere possit.",https://www.realitatea.net/stiri/actualitate/val-urias-de-caldura-marina-in-pacific-fenomenul-care-poate-schimba-vremea-in-lume-in-urmatoarele-luni-ltvdpv,https://www.realitatea.net/storage/media/5/2025/07/ploaie-poza-buna-furtuna-cu-fulgere_05bd7f2059.webp,,Un val masiv de cldur marin se întinde de-a lungul Oceanului Pacific i acoper o suprafa de peste opt ori mai mare decât cea a Statelor Unite continentale. Fenomenul este atât de extins încât ar putea… [+8231 chars],,2026-07-13 04:11:53+00:00,random,,,
b8cdda063ee91fec08ee747892d70990,2026-07-10T10:13:58Z,Landslide,alunecare de teren,www.realitatea.net,ro,0.9,"Fünf Tote auf den Philippinen und über 1.000 Evakuierte: Taiwan bereitet sich auf den Taifun Bavi vor. Fünf Menschen kamen bei einem Erdrutsch auf den Philippinen ums Leben, während in Taiwan mehr als 1.000 Menschen aus ihren Häusern vertrieben wurden und Schulen und öffentliche Einrichtungen geschlossen blieben, während sich der stärkste Taifun der letzten Zeit näherte …",Cinci morți în Filipine și peste 1.000 de evacuați: Taiwanul se blindează în fața taifunului Bavi,"Cinci oameni şi-au pierdut viaţa într-o alunecare de teren în Filipine, în timp ce în Taiwan peste 1.000 de persoane au fost mutate din locuinţe, iar şcolile şi instituţiile publice au rămas închise, pe fondul apropierii celui mai puternic taifun din ultimele…","Five dead in the Philippines and over 1,000 evacuated: Taiwan braces itself for typhoon Bavi. Five people lost their lives in a landslide in the Philippines, while in Taiwan more than 1,000 people were displaced from their homes and schools and public institutions remained closed, amid the approach of the strongest typhoon in recent…","Quinque mortui in Philippinis et plus mille excesserunt: Taiwan se adstringit pro typhonibus Bavi. Quinque homines in lapsibus Philippinis vitam amiserunt, cum in Taiwan plus mille homines e sedibus et scholis et institutis publicis abiectis clausa manserunt, inter accessionem fortissimi typhonis recentioris…",https://www.realitatea.net/stiri/actualitate/cinci-morti-in-filipine-si-peste-1000-de-evacuati-taiwanul-se-blindeaza-in-fata-taifunului-bavi-cfegv9,https://www.realitatea.net/storage/media/7/2026/07/taifunul-bavi-foto-profimedia-R6p11q.webp,,"Cinci oameni i-au pierdut viaa într-o alunecare de teren în Filipine, în timp ce în Taiwan peste 1.000 de persoane au fost mutate din locuine, iar colile i instituiile publice au rmas închise, pe fon… [+3299 chars]",,2026-07-13 04:11:53+00:00,random,,,
8ef953cb35d3597ee35dcc4be2e35751,2026-07-10T07:30:42Z,Drought,uscăciune gabon,www.mediafax.ro,ro,0.3,"Der Taifun Bavi ist auf dem Weg nach Ostchina. Es könnte sogar Taiwan erreichen. Ein starker Taifun zog am Freitag auf Chinas Ostküste zu, der jüngste in einer Reihe tödlicher Stürme, die diese Woche in zwei anderen Regionen des Landes bereits 50 Todesopfer gefordert haben.",Taifunul Bavi se îndreaptă spre estul Chinei. Ar putea ajunge chiar și în Taiwan,"Un taifun puternic se îndrepta, vineri, spre coasta de est a Chinei, fiind cel mai recent dintr-o serie de furtuni mortale care au provocat deja 50 de victime în această săptămână în alte două regiuni ale țării.","Typhoon Bavi is heading towards eastern China. It could even reach Taiwan. A powerful typhoon was headed for China's east coast on Friday, the latest in a series of deadly storms that have already claimed 50 lives this week in two other regions of the country.","Typhoon Bavi versus orientem Sinas spectat. Posset etiam ad Taiwan pervenire. Typhon valida ob oram orientalem Sinarum die Veneris petita est, novissima in serie tempestatum funestorum quae iam 50 vitam hanc hebdomadam in duabus aliis regionibus regionis petiverunt.",https://www.mediafax.ro/externe/taifunul-bavi-se-indreapta-spre-estul-chinei-ar-putea-ajunge-chiar-si-in-taiwan-23769966,https://www.mediafax.ro/wp-content/uploads/2026/07/hepta_8963195-scaled.jpg,,"Taifunul Bavi, cu vânturi maxime susinute de 162 de kilometri pe or, urma iniial s treac la nord de Taiwan, aducând ploi toreniale pe insula cu o populaie de 23 de milioane de locuitori, începând de … [+2641 chars]",,2026-07-14 07:27:39+00:00,edo,Gabon,CAF,Africa
3260098c094c001d50284882d70b590d,2026-07-11T17:20:30Z,Snow Avalanche,avalanșă,adevarul.ro,ro,0.3,"Taifun Bavi trifft China, Japan und Taiwan. Über 2 Millionen Menschen evakuiert. Die chinesischen Behörden evakuierten am Samstag mehr als 1,8 Millionen Menschen, bevor der Taifun Bavi an der Ostküste des Landes landete, wo er voraussichtlich in der Nähe der Stadt Wenzhou landen wird.","Taifunul Bavi lovește China, Japonia și Taiwan. Peste 2 milioane de oameni, evacuați","Autoritățile chineze au evacuat sâmbătă peste 1,8 milioane de persoane înainte ca taifunul Bavi să ajungă pe coasta de est a țării, unde este așteptat să lovească în apropierea orașului Wenzhou.","Typhoon Bavi hits China, Japan and Taiwan. Over 2 million people, evacuated. Chinese authorities evacuated more than 1.8 million people on Saturday before Typhoon Bavi made landfall on the country's east coast, where it is expected to make landfall near the city of Wenzhou.","Typhoon Bavi Sinas, Iaponiam et Taiwan pervenit. Plus II decies centena millia hominum excesserunt. Auctoritates Sinenses plus quam 1.8 miliones hominum die Sabbati ante Typhoon Bavi cedentem in orae patriae orientalis cesserunt, ubi expectatur ruinam prope urbem Wenzhou facturum esse.",https://adevarul.ro/stiri-externe/china/taifunul-bavi-loveste-china-japonia-si-taiwan-2542560.html,https://cdn.adh.reperio.news/image-a/acbd6666-022d-4339-a844-2b05e5b1c854/index.png?p=f%3Djpeg%26w%3D1200%26h%3D630%26r%3Dcover,,"Autoritile chineze au evacuat sâmbt peste 1,8 milioane de persoane înainte ca taifunul Bavi s ajung pe coasta de est a rii, unde este ateptat s loveasc în apropierea oraului Wenzhou. Dei furtuna i-a … [+2636 chars]",,2026-07-14 07:27:39+00:00,random,,,
a607c39112e6f0b84f31dc95471cac79,2026-07-12T04:01:21Z,Flood,inundație tasmania iunie iulie 2016,www.biziday.ro,ro,0.3,"Keiner. Meteorologen schätzen, dass es ab Sonntag um 12 Uhr und bis nach Mitternacht zu Phasen atmosphärischer Instabilität in den Südkarpaten, lokal in den Ostkarpaten und im Banater Gebirge, im Südosten Olteniens, Munteniens und im Westen Moldawiens kommen wird.",,"Meteorologii estimează că, începând de duminică la ora 12 și până după miezul nopții, vor fi perioade cu instabilitate atmosferică în Carpații Meridionali, local în Carpații Orientali și în Munții Banatului, în sud-estul Olteniei, Munteniei și în vestul Moldo…","None. Meteorologists estimate that, starting Sunday at 12 o'clock and until after midnight, there will be periods of atmospheric instability in the Southern Carpathians, locally in the Eastern Carpathians and in the Banat Mountains, in the southeast of Oltenia, Muntenia and in the west of Moldavia...","Nulli. Meteorologi aestimant, a Dominica hora 12 et usque post mediam noctem incipientes instabilitatis atmosphaericis in Carpathiis meridionalibus, localiter in Carpathiis Orientalibus et in Monte Banat, in meridiem Olteniae, Munteniae et in occidente Moldaviae.",https://www.biziday.ro/363223-2/,https://cdn.biziday.ro/wp-content/uploads/2026/07/cod-galben.png,,"Meteorologii estimeaz c, începând de duminic la ora 12 i pân dup miezul nopii, vor fi perioade cu instabilitate atmosferic în Carpaii Meridionali, local în Carpaii Orientali i în Munii Banatului, în … [+809 chars]",,2026-07-14 07:27:39+00:00,aidr,Australia,SAU,Oceania
51752e44a57e075bcac2a53efb0f7a8f,2026-07-02T11:21:10Z,Storm,furtuna,www.digi24.ro,ro,0.7,"Der Sturm, der Rumänien verwüstete, verursachte auch in Polen massive Schäden. Die Bilanz Warschaus nach den heftigen Wetterereignissen. Rekordtemperaturen in Polen führten am Mittwoch zu heftigen Stürmen, die die Rettungsdienste im ganzen Land belasteten. Die nationale Feuerwehr reagierte auf rund 3.000 Anrufe, da starker Wind…",Furtuna care a făcut ravagii în România a provocat pagube masive și în Polonia. Bilanțul Varșoviei după evenimentele meteo violente,"Temperaturile record înregistrate în Polonia au făcut loc unor furtuni violente miercuri, punând la grea încercare serviciile de urgență din întreaga țară. Serviciul național de pompieri a răspuns la aproximativ 3.000 de apeluri, în timp ce vânturile puternic…","The storm that wreaked havoc in Romania also caused massive damage in Poland. The balance sheet of Warsaw after the violent weather events. Record-breaking temperatures in Poland gave way to violent storms on Wednesday, straining emergency services across the country. The National Fire Service responded to around 3,000 calls as strong winds…","Tempestas, quae in Romania stragem intulit, etiam in Polonia magnum detrimentum attulit. Statera scheda Varsaviae post violentas tempestates gestas. Temperatura in Polonia record-fractionis vehementibus procellis quarta feria cessit, officia subitis per patriam nitens. Nationalis Service Ignis circa 3,000 vocat quasi ventos fortes responderit…",https://www.digi24.ro/stiri/externe/mapamond/furtuna-care-a-facut-ravagii-in-romania-a-provocat-pagube-masive-si-in-polonia-bilantul-varsoviei-dupa-evenimentele-meteo-violente-3844561,https://s.iw.ro/gateway/g/ZmlsZVNvdXJjZT1odHRwJTNBJTJGJTJG/c3RvcmFnZTA4dHJhbnNjb2Rlci5yY3Mt/cmRzLnJvJTJGc3RvcmFnZSUyRjIwMjYl/MkYwNyUyRjAyJTJGMjgxODYzN18yODE4/NjM3X3Byb2ZpbWVkaWEtMTExMjg3Mzgx/OC5qcGcmdz0xMjAwJmg9NjMwJnpjPTEm/aGFzaD1kOTExOGNkMDlhYzE5Nzk5OWFlNjc5NzM5MzUzMGRjYg==.thumb.jpg,,"Temperaturile record înregistrate în Polonia au fcut loc unor furtuni violente miercuri, punând la grea încercare serviciile de urgen din întreaga ar. Serviciul naional de pompieri a rspuns la aproxi… [+2271 chars]",,2026-07-14 07:27:39+00:00,random,,,
383cbe90b330e4b3e62fa0dc9f6fa151,2026-07-01T05:08:31Z,Storm,furtuna,www.mediafax.ro,ro,0.9,"Ciucus Reaktion nach dem verheerenden Sturm in Bukarest: „Man kann Bukarest nicht mit einem Regenschirm überziehen.“ Der Bürgermeister spricht von einer beispiellosen Situation. Der Generalbürgermeister der Hauptstadt, Ciprian Ciucu, behauptet, dass der Sturm in Bukarest eine „beispiellose Situation“ mit Eingriffen in mehr als 1.000 Gebäude geschaffen habe. Der Bürgermeister gibt an, dass die Behörden mobilisiert seien, betont aber, dass keine Stadt vorbeugen könne...","Reacția lui Ciucu, după furtuna devastatoare din București: „Nu poți pune o umbrelă peste București”. Primarul vorbește despre o situație fără precedent","Primarul general al Capitalei, Ciprian Ciucu, susține că furtuna care a lovit Bucureștiul a creat o „situație fără precedent”, cu intervenții la peste 1.000 de imobile. Edilul afirmă că autoritățile sunt mobilizate, însă subliniază că niciun oraș nu poate pre…","Ciucu's reaction, after the devastating storm in Bucharest: ""You can't put an umbrella over Bucharest"". The mayor talks about an unprecedented situation. The general mayor of the capital, Ciprian Ciucu, claims that the storm that hit Bucharest created an ""unprecedented situation"", with interventions in more than 1,000 buildings. The mayor states that the authorities are mobilized, but emphasizes that no city can pre...","Ciucu motus, post vastitatem in Bucharest tempestate: ""umbellam super Bucharest ponere non potes"". Maior de novo situ loquitur. Praefectus urbis Ciprian Ciucu asserit tempestatem in qua Bucharest percussionem ""situm inauditum"" creavit, cum interpellationibus plus quam mille aedificia. Maior civitates auctoritates conscribuntur, sed inculcat quod nulla civitas praecellere potest...",https://www.mediafax.ro/social/reactia-lui-ciucu-dupa-furtuna-devastatoare-din-bucuresti-nu-poti-pune-o-umbrela-peste-bucuresti-primarul-vorbeste-despre-o-situatie-fara-precedent-23764507,https://www.mediafax.ro/wp-content/uploads/2026/07/whatsapp-image-2026-07-01-at-07-29-59.jpeg,,"În urma furtunii puternice care a afectat Capitala, primarul general Ciprian Ciucu a declarat c a discutat înc de diminea cu reprezentanii ISU i ai Poliiei Locale, iar informaiile primite indic amplo… [+1661 chars]",,2026-07-14 07:27:39+00:00,random,,,
8dd01ab30a8fbb265bb8ac51b5e8c7b4,2026-07-02T03:10:02Z,Storm,furtuna,www.mediafax.ro,ro,0.9,"Der vom Sturm überflutete U-Bahnhof bleibt geschlossen. Verkehr auf Highway 1, neu geordnet. Die U-Bahn-Station Piața Victoriei 2 in Bukarest bleibt am Donnerstag vorübergehend für den Verkehr gesperrt, nachdem der Sturm am Dienstag das Gebiet überschwemmt und zur Ansammlung großer Wassermengen geführt hatte.","Stația de metrou inundată în urma furtunii rămâne închisă. Circulația pe Magistrala 1, reorganizată","Stația de metrou Piața Victoriei 2 din București rămâne joi temporar închisă circulației, după ce furtuna de marți a inundat zona și a dus la acumularea unor cantități mari de apă.","The storm-flooded subway station remains closed. Traffic on Highway 1, reorganized. The Piața Victoriei 2 subway station in Bucharest remains temporarily closed to traffic on Thursday, after Tuesday's storm flooded the area and led to the accumulation of large amounts of water.","Procella inundata stationem subway clausa manet. Negotiationis in via 1, reorganizata est. The Piața Victoriei 2 stationem subway in Bucharest tempus clausit ad mercaturam die Iovis, postquam tempestas Martis aream inundavit et ad cumulum aquae magnae ducitur.",https://www.mediafax.ro/?p=23765174,https://www.mediafax.ro/wp-content/uploads/2025/03/logo-mediafax.png,,"Metrorex a transmis c trenurile circul între staiile Dristor 2 i tefan cel Mare, cu îmbarcarea i debarcarea cltorilor în staia tefan cel Mare, la linia 2.
De asemenea, circulaia este asigurat între … [+594 chars]",,2026-07-14 07:27:39+00:00,random,,,
b1a6d308420f605c5d4227a49fa752ba,2026-07-02T03:46:02Z,Storm,furtuna,www.mediafax.ro,ro,0.9,"UPDATE: Der U-Bahn-Verkehr im überfluteten Bahnhof nach dem Sturm ist unter normalen Bedingungen wieder aufgenommen worden. Die U-Bahn-Station Piața Victoriei 2 in Bukarest bleibt am Donnerstag vorübergehend für den Verkehr gesperrt, nachdem der Sturm am Dienstag das Gebiet überschwemmt und zur Ansammlung großer Wassermengen geführt hatte.",UPDATE: Circulația metroului în stația inundată în urma furtunii a fost reluată în condiții normale,"Stația de metrou Piața Victoriei 2 din București rămâne joi temporar închisă circulației, după ce furtuna de marți a inundat zona și a dus la acumularea unor cantități mari de apă.","UPDATE: Subway traffic in the flooded station following the storm has resumed under normal conditions. The Piața Victoriei 2 subway station in Bucharest remains temporarily closed to traffic on Thursday, after Tuesday's storm flooded the area and led to the accumulation of large amounts of water.","UPDATE: Subway negotiatio in statione inundata quae secuta est tempestas sub normalibus conditionibus resumpsit. The Piața Victoriei 2 stationem subway in Bucharest tempus clausit ad mercaturam die Iovis, postquam tempestas Martis aream inundavit et ad cumulum aquae magnae ducitur.",https://www.mediafax.ro/social/update-circulatia-metroului-in-statia-inundata-in-urma-furtunii-a-fost-reluata-in-conditii-normale-23765174,https://www.mediafax.ro/wp-content/uploads/2026/07/734756353_1378976380774716_2365405756424078443_n.jpg,,"UPDATE
Metrorex a anunat c circulaia trenurilor de metrou pe Magistrala 1 a fost reluat în condiii normale, inclusiv în staia Piaa Victoriei 1 începând cu ora 6.30.
În urm cu scurt timp s-a încheia… [+1021 chars]",,2026-07-14 07:27:39+00:00,random,,,
2b2331e994a8f7038a3cb0b75fa5c69e,2026-07-06T06:45:24Z,Cold Wave,anul cel mai rece,www.mediafax.ro,ro,0.8,"Der Winter 2026–2027 könnte Rumänien eine Überraschung bereiten. Europa, gefangen zwischen „Super El Niño“ und der atlantischen Kälte. Die ersten Vorhersagen für den Winter 2026–2027 deuten auf eine ungewöhnliche Klimakonstellation hin: eine El-Niño-Episode, die zu einer der stärksten seit 1950 werden könnte, und ein ausgedehntes Kaltwassergebiet im Nordatlantik.","Iarna 2026–2027 ar putea veni cu o surpriză în România. Europa, prinsă între „Super El Niño” și pata rece din Atlantic",Primele prognoze pentru iarna 2026–2027 indică o configurație climatică neobișnuită: un episod El Niño care ar putea deveni unul dintre cele mai puternice observate după 1950 și o zonă extinsă de apă rece în nordul Oceanului Atlantic.,"The winter of 2026–2027 could bring a surprise to Romania. Europe, caught between ""Super El Niño"" and the Atlantic cold patch. The first forecasts for the winter of 2026–2027 point to an unusual climate configuration: an El Niño episode that could become one of the strongest seen since 1950 and an extended area of ​​cold water in the North Atlantic Ocean.","Hiems 2026-2027 Romaniam ignotam facere potuit. Europa inter ""Super El Niño"" et Oceanum frigidissimum. Primae praenuntiationes hiemali anni 2026-2027 designant ad insolitam conformationem climatis: eventus El Niño qui fieri potuit unus ex fortissimis visis ab anno 1950 et area extensa aquae frigidae in Oceano Atlantico Septentrionali.",https://www.mediafax.ro/meteo/iarna-2026-2027-ar-putea-veni-cu-o-surpriza-in-romania-europa-prinsa-intre-super-el-nino-si-pata-rece-din-atlantic-23767369,https://www.mediafax.ro/wp-content/uploads/2026/02/8110082-mediafax_foto-mihai_pop_gnm-scaled.jpg,,"Pentru Europa i România, modelele sugereaz deocamdat o probabilitate mai mare a unei ierni cu temperaturi peste normal, mai ales în a doua parte a sezonului. Episoadele de ger, ninsorile abundente i … [+4875 chars]",,2026-07-14 16:48:14+00:00,random,,,
61f9eef5b72e337b2c6fb3919034e803,2026-07-10T04:00:43Z,Snow&Ice,ger,www.digi24.ro,ro,0.9,"Meteorologen erwarten einen harten Winter in Europa. Die drei Hauptphänomene, die Frostwellen und starken Schneefall verursachen können. Europa könnte ein harter Winter mit Frostwellen und starkem Schneefall bevorstehen, wie die ersten Vorhersagen von Severe Weather Europe zeigen. Langfristige Schätzungen zeigen einen geschwächten Polarwirbel aufgrund von El Niño, stratosphärischen Windmustern und der Menge an …",Meteorologii se așteaptă la o iarnă grea în Europa. Cele trei fenomene-cheie care pot aduce valuri de ger și ninsori puternice,"Europa ar putea avea o iarnă grea, cu valuri de ger și ninsori abundente, arată primele prognoze ale Severe Weather Europe. Estimările pe termen lung arată un vortex polar slăbit, din cauza fenomenului El Nino, al tiparelor vântului din stratosferă și cantită…","Meteorologists expect a tough winter in Europe. The three key phenomena that can bring frost waves and heavy snow. Europe could be in for a tough winter, with waves of frost and heavy snow, the first forecasts from Severe Weather Europe show. Long-term estimates show a weakened polar vortex due to El Nino, stratospheric wind patterns and the amount of…","Astrologi in Europa hiemem lentam exspectant. Tria phaenomena clavis quae pruinas undas et nives graves possunt efficere. Europam in hieme lenta esse potuit, cum fluctus frigoris et nivis gravis, primum praenuntiationes ab Gravi tempestatibus Europae ostendunt. Longum tempus aestimationes dissolutae polaris vortice ex El Nino monstrant, venti stratospherici exemplaria et moles…",https://www.digi24.ro/meteo/meteorologii-se-asteapta-la-o-iarna-grea-in-europa-cele-trei-elemente-cheie-care-pot-aduce-valuri-de-ger-si-ninsori-puternice-3854833,https://s.iw.ro/gateway/g/ZmlsZVNvdXJjZT1odHRwJTNBJTJGJTJG/c3RvcmFnZTA4dHJhbnNjb2Rlci5yY3Mt/cmRzLnJvJTJGc3RvcmFnZSUyRjIwMjYl/MkYwMiUyRjE4JTJGMjU5NjQ0OF8yNTk2/NDQ4X0lOU1RBTlRfWkFQQURBX0JVQ1VS/RVNUSV8wMF9JTlFVQU1fUGhvdG9zX09j/dGF2X0dhbmVhLmpwZyZ3PTEyMDAmaD02/MzAmemM9MSZoYXNoPTRkYzYwYTM1MWUwODkyMmJiYjJkNjg0MmQ0YzVmNzY5.thumb.jpg,,"Europa ar putea avea o iarn grea, cu valuri de ger i ninsori abundente, arat primele prognoze ale Severe Weather Europe. Estimrile pe termen lung arat un vortex polar slbit, din cauza fenomenului El … [+5984 chars]",,2026-07-14 16:48:14+00:00,random,,,
f322bdbed5590573ee1c0b0c435e5adb,2026-07-02T14:35:21Z,Heat Wave,căldură record,www.mediafax.ro,ro,0.9,Ozeane erreichen Rekordtemperaturen. Was das für Hitzewellen in Europa bedeutet. Nach Angaben der europäischen Copernicus-Dienste hat die durchschnittliche Meeresoberflächentemperatur für diese Jahreszeit einen neuen Rekord erreicht und die in den Jahren 2023 und 2024 gemessenen Werte übertroffen.,Oceanele ating temperaturi record. Ce înseamnă acest lucru pentru valurile de căldură din Europa,"Temperatura medie a suprafeței oceanelor a atins un nou record pentru această perioadă a anului, depășind valorile înregistrate în 2023 și 2024, potrivit serviciilor europene Copernicus.","Oceans reach record temperatures. What this means for heat waves in Europe. The average ocean surface temperature has reached a new record for this time of year, surpassing the values ​​recorded in 2023 and 2024, according to the European Copernicus services.","Oceani recordum attingunt calores. Quid hoc sit per aestus in Europa. Mediocris superficies Oceani temperantiae novum testimonium hoc tempore anni pervenit, superans bona quae anno 2023 et 2024 scripta sunt, secundum officia Copernici Europaei.",https://www.mediafax.ro/externe/oceanele-ating-temperaturi-record-ce-inseamna-acest-lucru-pentru-valurile-de-caldura-din-europa-23765668,https://www.mediafax.ro/wp-content/uploads/2026/07/temperatura-oceanelor-copernicurs.jpg,,"Specialitii avertizeaz c înclzirea apelor poate amplifica fenomenele meteorologice extreme i afecta ecosistemele marine.
Un nou record al temperaturii oceanelor
Datele furnizate de Serviciul Copern… [+2433 chars]",,2026-07-14 21:33:16+00:00,random,,,
13cbdd6722cc4f3a53902833defdad7a,2026-07-03T07:54:15Z,Heat Wave,căldură,adevarul.ro,ro,0.9,"Europa erwärmt sich doppelt so schnell wie der Rest der Welt: Wie sich die Sommer nachhaltig verändern. Die Hitzewellen, die diesen Sommer Europa heimsuchen, seien keine Ausnahme mehr, könnten aber zu einem regelmäßigen Merkmal des Klimas auf dem Kontinent werden, warnen Wissenschaftler.",Europa se încălzește de două ori mai repede decât restul lumii: cum se schimbă definitiv verile,"Valurile de căldură care au lovit Europa în această vară nu mai sunt excepții, ci ar putea deveni o caracteristică obișnuită a climatului continentului, avertizează oamenii de știință.","Europe is warming twice as fast as the rest of the world: how summers are changing for good. The heat waves that hit Europe this summer are no longer exceptional, but could become a regular feature of the continent's climate, scientists warn.","Europa duplo velocius calefacit quam reliqui mundi: quomodo aestates in bonum mutantur. Fluctus aestus, qui Europam hac aestate feriunt, non iam eximiae sunt, sed regulariter notam climatis continentis fieri posse, viri docti monent.",https://adevarul.ro/stiri-externe/europa/europa-se-incalzeste-de-doua-ori-mai-repede-decat-2540725.html,https://cdn.adh.reperio.news/image-9/95acf302-ca3f-4f1e-87d0-6b2c4c5adc09/index.jpeg?p=f%3Djpeg%26w%3D1200%26h%3D630%26r%3Dcover,,"Valurile de cldur care au lovit Europa în aceast var nu mai sunt excepii, ci ar putea deveni o caracteristic obinuit a climatului continentului, avertizeaz oamenii de tiin. Organizaia Mondial a Sntii… [+3534 chars]",,2026-07-14 21:33:16+00:00,random,,,
48fffa582748479fc4d01e1b3b35f086,2026-07-04T04:00:57Z,Heat Wave,val de căldură,www.digi24.ro,ro,0.9,"OECD-Bericht: Extremes Wetter und Konflikte verändern Feiertage. Wie sich der Tourismus im Jahr 2026 verändert. Der Urlaub wird in den kommenden Jahren angesichts von Hitzewellen, Konflikten und sich ändernden Reisepräferenzen anders aussehen. Ein OECD-Bericht zeigt, dass sich Touristendestinationen durch die Einführung von Sicherheitsmaßnahmen auf neue Herausforderungen vorbereiten …",Raport OCDE: Fenomenele meteo extreme și conflictele schimbă vacanțele. Cum se transformă turismul în 2026,"Vacanțele vor arăta diferit în următorii ani, pe fondul valurilor de căldură, al conflictelor și al schimbării preferințelor de călătorie. Un raport al OCDE arată că destinațiile turistice se pregătesc pentru noi provocări prin introducerea unor măsuri de sig…","OECD report: Extreme weather and conflict are changing holidays. How tourism is transforming in 2026. Vacations will look different in the coming years amid heat waves, conflict and changing travel preferences. An OECD report shows that tourist destinations are preparing for new challenges by introducing security measures…","OECD report: Extremae tempestatis conflictusque feriae mutantur. Quam voluptuaria similesve in 2026. Mutationes varias spectabunt in annis venientibus inter fluctus aestus, conflictum et mutationes peregrinationes optiones. An OECD fama ostendit VIATOR destinations novas provocationes parant, securitatem mensuras inducendo…",https://www.digi24.ro/stiri/externe/mapamond/raport-ocde-fenomenele-meteo-extreme-si-conflictele-schimba-vacantele-cum-se-transforma-turismul-in-2026-3847321,https://s.iw.ro/gateway/g/ZmlsZVNvdXJjZT1odHRwJTNBJTJGJTJG/c3RvcmFnZTA4dHJhbnNjb2Rlci5yY3Mt/cmRzLnJvJTJGc3RvcmFnZSUyRjIwMjYl/MkYwNyUyRjAzJTJGMjgzMjM1OV8yODMy/MzU5X3R1cmlzdGktbGEtUm9tYS5qcGcm/dz0xMjAwJmg9NjMwJnpjPTEmaGFzaD02/NjU3ZTg5Nzk0NTYwNGM5YjZiNThjMjEzZTAxZTg0ZQ==.thumb.jpg,,"Vacanele vor arta diferit în urmtorii ani, pe fondul valurilor de cldur, al conflictelor i al schimbrii preferinelor de cltorie. Un raport al OCDE arat c destinaiile turistice se pregtesc pentru noi … [+5247 chars]",,2026-07-14 21:33:16+00:00,random,,,
17836050d378f05008cb96a356430b57,2026-07-04T14:46:06Z,Heat Wave,căldură,www.mediafax.ro,ro,0.9,"Experten befürchten, dass Hitzewellen nicht ernst genug genommen werden. Während sich in weiten Teilen der Vereinigten Staaten eine massive und anhaltende Hitzewelle ausbreitet, äußern Experten ihre Besorgnis darüber, dass solche extremen Hitzeereignisse nicht ernst genug genommen werden.","Experții, îngrijorați de faptul că fenomenele de caniculă nu sunt tratate cu suficientă seriozitate","Pe măsură ce un val de căldură masiv și prelungit se instalează peste o mare parte a Statelor Unite, experții își exprimă îngrijorarea că astfel de fenomene de căldură extremă nu sunt luate suficient de în serios.","Experts are concerned that heat waves are not being taken seriously enough. As a massive and prolonged heat wave settles across much of the United States, experts are expressing concern that such extreme heat events are not being taken seriously enough.","Periti solliciti sunt fluctus aestus non satis graviter contemni. Cum ingens et diuturnus aestus per multum Civitatum Americae Unitarum consedit, periti sollicitudinem exprimunt quod eventus tantus calor non satis graviter contemnitur.",https://www.mediafax.ro/stiinta-sanatate/expertii-ingrijorati-de-faptul-ca-fenomenele-de-canicula-nu-sunt-tratate-cu-suficienta-seriozitate-23766848,https://www.mediafax.ro/wp-content/uploads/2026/07/geralt-thermometer-4295884_1920.jpg,,"Dintre toate pericolele meteorologice din Statele Unite, cldura extrem este cea mai mortal. Aproximativ jumtate dintre americani sunt expui la aceasta pe parcursul weekendului de 4 iulie, arat Scienc… [+1470 chars]",,2026-07-14 21:33:16+00:00,random,,,
f37705d82234d7ceceec6a957dd4fa06,2026-07-13T09:30:13Z,Heat Wave,căldură record,adevarul.ro,ro,0.9,"Extreme Hitzewelle in Europa: Über 10.000 vorzeitige Todesfälle und verheerende Brände, angeheizt durch die Klimakrise. Eine Rekordhitzewelle, die Ende Juni West- und Südeuropa traf, forderte mehr als 10.000 Todesopfer und verschärfte gleichzeitig Waldbrände von beispielloser Heftigkeit.",Caniculă extremă în Europa: peste 10.000 de decese premature și incendii devastatoare alimentate de criza climatică,"Un val de căldură record care a lovit vestul și sudul Europei la sfârșitul lunii iunie a provocat peste 10.000 de decese, intensificând în același timp incendii de vegetație de o virulență fără precedent.","Extreme heatwave in Europe: over 10,000 premature deaths and devastating fires fueled by the climate crisis. A record heat wave that hit western and southern Europe at the end of June caused more than 10,000 deaths, while intensifying wildfires of unprecedented virulence.","Extremae caloris in Europa: supra decem milia praematura mortes et incendia vastantia discrimine climatis nutrita. Commentarius fluctum aestus qui Europam occidentalem et meridionalem exeunte Iunio in extremo Iunio plus quam decem milia mortes attulit, auget incendia rabies inauditae virulentiae.",https://adevarul.ro/stiri-externe/europa/canicula-extrema-in-europa-peste-10000-de-decese-2542807.html,https://cdn.adh.reperio.news/image-5/546f9028-0d87-432c-939d-a76693103fcc/index.jpeg?p=f%3Djpeg%26w%3D1200%26h%3D630%26r%3Dcover,,"Un val de cldur record care a lovit vestul i sudul Europei la sfâritul lunii iunie a provocat peste 10.000 de decese, intensificând în acelai timp incendii de vegetaie de o virulen fr precedent. Oame… [+4321 chars]",,2026-07-14 21:33:16+00:00,random,,,
299c10c1426c29dd44c8c4753a341bd4,2026-07-02T18:58:03Z,Heat Wave,val de căldură,adevarul.ro,ro,0.9,"Tipps, um Ihr Auto während einer Hitzewelle kühl zu halten. Methode zur schnellen Entfernung überhitzter Luft. Autoexperten erklären, wie Sie Ihr Auto bei Hitzewellen richtig kühlen. Eine Klimaanlage auf Hochtouren ist nicht die effizienteste Methode.",Trucuri pentru a-ți menține mașina răcoroasă în timpul unui val de caniculă. Metoda eliminării rapide a aerului supraîncălzit,Experții auto explică modul corect de a răcori mașina în valurile de căldură. Aerul condiționat la maxim nu este cea mai eficientă metodă.,Tips to keep your car cool during a heat wave. Method of rapid removal of superheated air. Car experts explain the right way to cool your car in heat waves. Air conditioning on full blast is not the most efficient method.,Apicibus ut currus tuos refrigescant in aestu fluctu. Modus rapidi remotionis superheati aeris. Currus periti explicant viam rectam ad tuos currus refrigerandos in undis aestuantibus. Caeli condiciones in plena inspiratione non est efficacissima ratio.,https://adevarul.ro/stil-de-viata/magazin/trucuri-pentru-a-ti-mentine-masina-racoroasa-in-2540657.html,https://cdn.adh.reperio.news/image-1/12cf0ae7-495c-45d8-b1dc-6c3de7927896/index.jpeg?p=f%3Djpeg%26w%3D1200%26h%3D630%26r%3Dcover,,"Experii auto explic modul corect de a rcori maina în valurile de cldur. Aerul condiionat la maxim nu este cea mai eficient metod.
publicitate
""); background-position: center center; background-repe… [+1603 chars]",,2026-07-15 12:04:27+00:00,random,,,
34ac5ce25911d0df2a422a9b6823ba7b,2026-07-06T04:46:07Z,Heat Wave,căldură,www.mediafax.ro,ro,0.9,"Ein Land in Europa erlebt eine Mückeninvasion. Ihr Risiko, aber auch wie wir ihre Fortpflanzung verhindern können. Die aktuelle Kombination aus Hitze und Luftfeuchtigkeit in Deutschland bietet ideale Brutbedingungen für Mücken, insbesondere für die Hausmücke und die invasive Asiatische Tigermücke.","O țară din Europa se confruntă cu o invazie de țânțari. Riscul acestora, dar și cum putem descuraja reproducerea lor","Combinația actuală de căldură și umiditate din Germania oferă condiții ideale de reproducere pentru țânțari, în special pentru țânțarul comun de casă și pentru țânțarul tigru asiatic, o specie invazivă.","A country in Europe is experiencing an invasion of mosquitoes. Their risk, but also how we can discourage their reproduction. Germany's current combination of heat and humidity provides ideal breeding conditions for mosquitoes, especially the common house mosquito and the invasive Asian tiger mosquito.","Terra in Europa incursionem culicibus experitur. Eorum periculum, sed etiam quomodo reproductionis deterrere possumus. Coniunctio hodiernae Germaniae caloris et humiditatis praebet conditiones optimas generandi culicibus, praesertim domus communis CULEX et incursio tigris CULEX Asiaticae.",https://www.mediafax.ro/externe/o-tara-din-europa-se-confrunta-cu-o-invazie-de-tantari-riscul-acestora-dar-si-cum-putem-descuraja-reproducerea-lor-23767302,https://www.mediafax.ro/wp-content/uploads/2026/07/pexels-pixabay-86722-scaled.jpg,,"În timp ce ânarul domestic folosete în principal apa stagnant, cum ar fi butoaiele de ap de ploaie sau blile, pentru a-i depune oule, ânarul tigru asiatic, specie invaziv, este mult mai adaptabil: ch… [+3767 chars]",,2026-07-15 12:04:27+00:00,random,,,
861013e002e30504a59e620db6d1fb8e,2026-07-10T04:49:41Z,Heat Wave,căldură,www.mediafax.ro,ro,0.9,"Wie gehe ich mit übermäßiger Hitze um? Die alte Methode, die von den Einheimischen einer Insel in Kroatien angewendet wird. Die Bewohner der kroatischen Insel Rab greifen zur Abkühlung auf jahrhundertealte Traditionen zurück. Europa erlebt diesen Sommer immer heftigere Hitzewellen.",Cum să faci față căldurii excesive? Vechea metodă folosită de localnicii unei insule din Croația,"Locuitorii insulei croate, Rab, apelează la tradiții vechi de generații pentru a se răcori. Europa se confruntă cu valuri de căldură tot mai intense în această vară.",How to deal with excessive heat? The old method used by the locals of an island in Croatia. Residents of the Croatian island of Rab turn to generations-old traditions to cool off. Europe is experiencing increasingly intense heat waves this summer.,Quid cum nimio calore? Antiqua methodus usus insulae in Croatia ab incolis. Incolae Croatiae insulae Rab turn ad traditiones antiquas generationes refrigerii sunt. Europa intensiorem aestum fluctuum hac aestate in dies experitur.,https://www.mediafax.ro/externe/cum-sa-faci-fata-caldurii-excesive-vechea-metoda-folosita-de-localnicii-unei-insule-din-croatia-23769910,https://www.mediafax.ro/wp-content/uploads/2026/07/insula-croatia.jpg,,"Situat pe coasta Adriaticii, insula Rab este cunoscut pentru centrul su vechi medieval, strzile înguste pavate cu piatr i casele istorice proiectate s ofere umbr i ventilaie natural.
Localnicii spun… [+1200 chars]",,2026-07-15 12:04:27+00:00,random,,,
acfaac5530ef2a8a137f1bfb0797af80,2026-07-13T04:44:53Z,Heat Wave,căldură,www.mediafax.ro,ro,0.9,USA: Hitzewellen fordern mehr Todesopfer als Hurrikane. Neue Temperaturrekorde gebrochen. Hitzewellen führen in den USA zu mehr Todesfällen als Hurrikane und Überschwemmungen. In mehreren Gebieten des Landes brachen die Temperaturen Rekorde.,SUA: Valurile de căldură provoacă mai multe decese decât uraganele. Noi recorduri de temperatură doborâte,Valurile de căldură din SUA duc la mai multe decese decât uraganele și inundațiile. Temperaturile au doborât recorduri în mai multe zone din țară.,US: Heat waves cause more deaths than hurricanes. New temperature records broken. Heat waves in the US lead to more deaths than hurricanes and floods. Temperatures broke records in several areas of the country.,US: Calor fluctus plus mortes quam procellae causant. Novi temperaturae monumenta fracta sunt. Calor fluctus in US ducunt ad plures mortes quam turbinum et inundationes. Temperaturae monumenta in pluribus regionibus regionis fregit.,https://www.mediafax.ro/stirile-zilei/sua-valurile-de-caldura-provoaca-mai-multe-decese-decat-uraganele-noi-recorduri-de-temperatura-doborate-23770970,https://www.mediafax.ro/wp-content/uploads/2026/06/8058633-mediafax_foto-dpa_hepta-3-scaled.jpg,,"Valurile de cldur din Statele Unite au doborât recorduri în nordul i vestul rii, potrivit AFP.
În Salt Lake City, capitala statului Utah, i în Billings, cel mai mare ora din Montana, temperaturile a… [+1435 chars]",,2026-07-15 12:04:27+00:00,random,,,
b8668ffde70a9f64cd04d1349d37004c,2026-07-13T07:28:48Z,Heat Wave,căldură,www.mediafax.ro,ro,0.9,"Bei hohen Temperaturen kommt es immer häufiger zu Waldbränden. Feuerwehrleute hatten in nur drei Tagen mehr als 300 Einsätze. Die Hitzewelle und die zunehmende Windverstärkung haben in mehreren Gebieten des Landes zu einem Anstieg der Waldbrände geführt, und Feuerwehrleute warnen, dass solche Ereignisse Häuser, Menschenleben und Tierlebensräume gefährden können.",Incendiile de vegetație se înmulțesc pe fondul temperaturilor ridicate. Pompierii au avut peste 300 de intervenții în doar trei zile,"Valul de căldură și intensificările vântului au dus la creșterea numărului de incendii de vegetație în mai multe zone ale țării, iar pompierii avertizează că astfel de evenimente pot pune în pericol locuințe, vieți omenești și habitatul animalelor.","Wildfires are multiplying amid high temperatures. Firefighters had more than 300 interventions in just three days. The heat wave and wind intensifications have led to an increase in the number of wildfires in several areas of the country, and firefighters warn that such events can endanger homes, human lives and animal habitat.","Wildfires multiplicantur inter altas temperaturas. Firefighters plus quam trecentas interpellationes in tribus diebus tantum habuit. Calor fluctuum et ventorum intensiones augeri in numerum incendiorum in pluribus regionibus regionis duxerunt, et firepugnatores monent tales casus domos, vitam hominis et habitat animalis periclitari posse.",https://www.mediafax.ro/social/incendiile-de-vegetatie-se-inmultesc-pe-fondul-temperaturilor-ridicate-pompierii-au-avut-peste-300-de-interventii-in-doar-trei-zile-23771116,https://www.mediafax.ro/wp-content/uploads/2026/07/interventii-incendii-igsu.jpg,,"În ultimele trei zile, salvatorii au intervenit la peste 300 de incendii la nivel naional, dintre care mai multe au izbucnit în judeul Vaslui, unde flcrile s-au apropiat de zone locuite.
Peste 5.200… [+2369 chars]",,2026-07-15 12:04:27+00:00,random,,,
13017f7aee4b53543303729ea0649a3e,2026-07-04T11:12:25Z,Thunderstorm,vreme severă,www.realitatea.net,ro,0.9,"RO Extremwetteralarm in Prahova! Es werden sintflutartige Regenfälle, Hagel und Blitze vorhergesagt. Für die Bewohner des Kreises Prahova gilt ab dem 4. Juli eine neue Unwetterwarnung. Meteorologen kündigen sintflutartige Regenfälle, häufige elektrische Entladungen und Hagelstürme an, da in einigen Gebieten in den letzten Stunden...","RO Alert de vreme extremă în Prahova! Sunt anunțate ploi torențiale, grindină și descărcări electrice","Locuitorii din județul Prahova sunt vizați de o nouă avertizare de vreme severă, emisă pentru ziua de 4 iulie. Meteorologii anunță ploi torențiale, descărcări electrice frecvente și căderi de grindină, în condițiile în care, în ultimele ore, în unele zone s-a…","RO Extreme weather alert in Prahova! Torrential rain, hail and lightning are forecast. Residents of Prahova County are subject to a new severe weather warning, issued for July 4. Meteorologists announce torrential rains, frequent electrical discharges and hailstorms, given that, in the last few hours, in some areas...","RO Tempestas extrema in Prahova vigilans! Imber torrens, grando, et fulgura praesagiunt. Praesidentes Comitatus Prahovae novae tempestatibus gravibus moniti obnoxii sunt, edita pro Iulio 4. Meteorologi nuntiant imbres torrentes, crebras electricas emissiones et grandines, dato quod his paucis horis in nonnullis locis...",https://www.realitatea.net/stiri/actualitate/alerta-meteo-in-prahova-sunt-anuntate-ploi-torentiale-grindina-si-descarcari-electrice-uagw90,https://www.realitatea.net/storage/media/5/2026/04/mrsbrown-puddle-6263500_c77d5c3d3a.webp,,"Locuitorii din judeul Prahova sunt vizai de o nou avertizare de vreme sever, emis pentru ziua de 4 iulie. Meteorologii anun ploi toreniale, descrcri electrice frecvente i cderi de grindin, în condiii… [+1408 chars]",,2026-07-15 16:53:14+00:00,random,,,
357949027c3478017ebc4585bc69abfb,2026-07-01T08:11:15Z,ice jam,inundații,www.realitatea.net,ro,0.7,"Überschwemmungen in Bukarest. Apa Nova: In 10 Stunden hat es fast so viel geregnet wie in einem Monat, und das Abwasser hat einen riesigen Abfluss verursacht. Bukarest wurde von extrem heftigen Regenfällen heimgesucht, in nur 10 Stunden fielen fast so viele Regenfälle wie in einem ganzen Monat. Laut Apa Nova wurde von Dienstagabend, 19:00 Uhr, bis Mittwochmorgen, 05:30 Uhr, die durchschnittliche Niederschlagsmenge in Kapstadt gemessen...","Inundații în București. Apa Nova: În 10 ore a plouat aproape cât într-o lună, iar canalizarea a preluat un debit uriaș","Bucureștiul a fost lovit de ploi extrem de puternice, iar în doar 10 ore a căzut aproape cât într-o lună întreagă. Potrivit Apa Nova, de marți seară, de la ora 19:00, până miercuri dimineață, la ora 05:30, cantitatea medie de precipitații înregistrată în Capi…","Floods in Bucharest. Apa Nova: In 10 hours it rained almost as much as in a month, and the sewage took over a huge flow. Bucharest was hit by extremely heavy rains, and in just 10 hours it fell almost as much as in an entire month. According to Apa Nova, from Tuesday evening, from 19:00, until Wednesday morning, at 05:30, the average amount of precipitation recorded in Capi...","Flumina in Bucharest. Apa Nova: In horis X fere quantum in mense pluit, et purgamentorum fluxum ingentem sumpserunt. Bucharest magnis imbribus ictus est et in tantum X horis paene quantum mense integro concidit. Secundum Apa Nova, a vespere Martis, a 19:00, usque ad diem Mercurii mane, 05:30, mediocris copia praecipitationis in Capi... memoratur.",https://www.realitatea.net/stiri/actualitate/inundatii-in-bucuresti-apa-nova-in-10-ore-a-plouat-aproape-cat-intr-o-luna-iar-canalizarea-a-preluat-un-debit-urias-in539v,https://www.realitatea.net/storage/media/7/2026/07/inundatii-bucuresti-bUfdFQ.webp,,"Bucuretiul a fost lovit de ploi extrem de puternice, iar în doar 10 ore a czut aproape cât într-o lun întreag. Potrivit Apa Nova, de mari sear, de la ora 19:00, pân miercuri diminea, la ora 05:30, ca… [+4054 chars]",,2026-07-15 21:32:34+00:00,random,,,
02a01810298c99ee460fbdbc3d50aa91,2026-07-08T05:33:50Z,Landslide,alunecare,www.digi24.ro,ro,0.9,"Bei einem Erdrutsch im Nordwesten Chinas wurden mehr als 30 Menschen begraben. Bilanz: 21 Tote. Die Zahl der Opfer eines Erdrutschs in der Provinz Gansu im Nordwesten Chinas, bei dem 33 Menschen verschüttet wurden, ist auf 21 gestiegen, berichtete der nationale Fernsehsender CCTV am Mittwoch.",O alunecare de teren în nord-vestul Chinei a îngropat peste 30 de oameni. Bilanţ: 21 de morţi,"Bilanţul unui alunecări de teren din provincia Gansu, în nord-vestul Chinei, care îngropase 33 de persoane, se ridică la 21 de morţi, a raportat miercuri postul naţional de televiziune CCTV.","A landslide in northwest China has buried more than 30 people. Balance sheet: 21 dead. The toll of a landslide in Gansu province, in northwestern China, which buried 33 people, has risen to 21, the national television station CCTV reported on Wednesday.","Lapsus in Sinis chorum plus quam XXX homines sepelivit. Statera sheet: 21 mortua. Theloneum in lapsus in provincia Gansu, in Sinis inter septentrionales, quae 33 homines sepelierunt, orta est ad XXI, stationem televisificam nationalem CCTV die Mercurii nuntiatam esse.",https://www.digi24.ro/stiri/externe/mapamond/o-alunecare-de-teren-in-nord-vestul-chinei-a-ingropat-peste-30-de-oameni-bilant-21-de-morti-3852181,https://s.iw.ro/gateway/g/ZmlsZVNvdXJjZT1odHRwJTNBJTJGJTJG/c3RvcmFnZTA4dHJhbnNjb2Rlci5yY3Mt/cmRzLnJvJTJGc3RvcmFnZSUyRjIwMjYl/MkYwNyUyRjA4JTJGMjgzODU3Ml8yODM4/NTcyX2FsdW5lY2FyZS10ZXJlbi1jaGlu/YS1wcm9maW1lZGlhLTExMTQ5NjY5NjIu/anBnJnc9MTIwMCZoPTYzMCZ6Yz0xJmhh/c2g9YjkyNzdlNmRjZTUyZTU0YjM5YmE2YTliMzNlNGJmNDg=.thumb.jpg,,"Bilanul unui alunecri de teren din provincia Gansu, în nord-vestul Chinei, care îngropase 33 de persoane, se ridic la 21 de mori, a raportat miercuri postul naional de televiziune CCTV.
Echipele de … [+1607 chars]",,2026-07-16 16:51:18+00:00,random,,,
6f91a6971f25c95e545a129167b5efd3,2026-07-14T08:43:47Z,Landslide,alunecare de teren,adevarul.ro,ro,0.9,"Myrtos, der berühmte Strand von Kefalonia, wurde von einem Erdrutsch betroffen. Das Paradies mit türkisfarbenem Wasser zieht Touristen aus aller Welt an. Der Strand von Myrtos, der als Perle Kefalonias und einer der schönsten Strände Griechenlands gilt, wurde von einem Erdrutsch betroffen.","Myrtos, faimoasa plajă din Kefalonia, afectată de o alunecare de teren. Paradisul cu ape turcoaz atrage turiști din întreaga lume","Plaja Myrtos, considerată perla Kefaloniei și una dintre cele mai frumoase plaje din Grecia, a fost afectată de o alunecare de teren.","Myrtos, the famous beach of Kefalonia, affected by a landslide. The paradise with turquoise waters attracts tourists from all over the world. Myrtos beach, considered the pearl of Kefalonia and one of the most beautiful beaches in Greece, was affected by a landslide.","Myrtos , nobilis litus Kefaloniae , lapsu affectus. Paradisus cum carbunculis aquis peregrinatores trahit ex toto orbe terrarum. Myrtos litus, quod margarita Kefaloniae existimata est et una pulcherrima litora Graeciae, proli est affectus.",https://adevarul.ro/stil-de-viata/calatorii/myrtos-faimoasa-plaja-din-kefalonia-afectata-de-2543056.html,https://cdn.adh.reperio.news/image-7/7e14e861-0b2c-48db-aae3-515976438b11/index.png?p=f%3Djpeg%26w%3D1200%26h%3D630%26r%3Dcover,,"Plaja Myrtos, considerat perla Kefaloniei i una dintre cele mai frumoase plaje din Grecia, a fost afectat de o alunecare de teren. Renumit pentru apele sale turcoaz spectaculoase, Myrtos este una din… [+1833 chars]",,2026-07-16 16:51:18+00:00,random,,,
539b0b84ec65a317b253060633836c67,2026-07-05T04:59:25Z,Cold Wave,val de frig brazil,adevarul.ro,ro,0.3,"Die Veränderung, die Rumänen erwartet, die Dăbuleni-Wassermelonen lieben: Was wird in den kommenden Jahren passieren? Wassermelonen bleiben im Sommer das Lieblingsprodukt der Rumänen und die Produzenten haben sich ständig angepasst. Auch für die kommenden Jahre sind Veränderungen zu erwarten.",Schimbarea care îi așteaptă pe românii care iubesc pepenele de Dăbuleni: ce se va întâmpla în următorii ani,"Pepenii verzi rămân produsul preferat de români pe perioada verii, iar producătorii s-au adaptat constant. Modificări sunt așteptate și pentru următorii ani.","The change that awaits Romanians who love Dăbuleni watermelons: what will happen in the coming years. Watermelons remain the favorite product of Romanians during the summer, and producers have constantly adapted. Changes are also expected for the coming years.",Exspectat mutationem Romanorum qui Dăbuleni pepones amant: quae ventura sunt in annis futuris. Watermelones maneant fructus gratissimos Romanianorum aestate et effectores constanter accommodati. Mutationes etiam futurorum annorum exspectantur.,https://adevarul.ro/stiri-locale/craiova/schimbarea-care-ii-asteapta-pe-romanii-care-iubesc-2541019.html,https://cdn.adh.reperio.news/image-8/86396441-efdb-4e9d-8854-d6fd32802466/index.jpeg?p=f%3Djpeg%26w%3D1200%26h%3D630%26r%3Dcover%26c%3D0.132%252C0.187%252C0.796%252C0.71,,"Pepenii de Dbuleni rmân vedetele verii, îns în spatele recoltei se ascund provocri tot mai mari. Schimbrile climatice, costurile în cretere, lipsa apei i noile cerine ale pieei îi oblig pe cultivator… [+13075 chars]",,2026-07-17 07:34:57+00:00,wmo,Brazil,SAM,South-America
48cf40f69fb2d692fa845b4df6676e01,2026-07-11T21:01:25Z,Tropical Cyclone,taifun guam,adevarul.ro,ro,0.3,"12. Juli: Paul Ciuci, der Solist der Band Compact, wird 70. Die Muse mit den blauen Schuhen, die ihn zu dem berühmten Stück „Girl from the Dream“ inspirierte. Am 12. Juli feiert Paul Ciuci von Compact seinen 70. Geburtstag. Ebenfalls an einem Tag des 12. Juli ereigneten sich weitere Ereignisse, die in die Geschichte eingingen, vom Tod des Humanisten Erasmus in Rotterdam und den Expeditionen von James Cook bis zum Debüt der Band The Rollin...","12 iulie: Paul Ciuci, solistul trupei Compact, împlineşte 70 de ani. Muza cu pantofi albaştri care l-a inspirat pentru celebra piesă „Fata din vis”","Pe 12 iulie, Paul Ciuci, de la Compact, împlinește 70 de ani. Tot într-o zi de 12 iulie au avut loc şi alte evenimente care au rămas în istorie, de la moartea umanistului Erasmus din Rotterdam și expedițiile lui James Cook până la debutul formației The Rollin…","July 12: Paul Ciuci, the soloist of the band Compact, turns 70. The muse with blue shoes who inspired him for the famous piece ""Girl from the dream"". On July 12, Paul Ciuci, from Compact, turns 70. Also on a day of July 12, other events took place that remained in history, from the death of the humanist Erasmus in Rotterdam and the expeditions of James Cook to the debut of the band The Rollin...","Iulii 12: Paulus Ciuci, a soloista cohortis Foedus, 70. Musa calceis caeruleis quae eum inspiraverunt ad celebrem partem ""Puella e somnio"". Die XII Iulii Paulus Ciuci ex Foedere vertit 70. Item ad diem 12 iulii, alia eventa quae in historia permanserunt, a morte Erasmi humanissimi in Rotterdam et in expeditione Iacobi Cook ad debut cohortis The Rollin...",https://adevarul.ro/istoria-zilei/12-iulie-paul-ciuci-solistul-trupei-compact-2541653.html,https://cdn.adh.reperio.news/image-9/9e65c1f4-e558-4cc9-af96-f5224390c311/index.jpeg?p=f%3Djpeg%26w%3D1200%26h%3D630%26r%3Dcover,,"Pe 12 iulie, Paul
Ciuci, de la Compact, împlinete 70 de ani. Tot într-o zi de 12 iulie au avut
loc i alte evenimente care au rmas în istorie, de la moartea umanistului
Erasmus din Rotterdam i expe… [+14139 chars]",,2026-07-17 07:34:57+00:00,wmo,United States,CNA,North-America
0bbe37dbaa01648b95633e60714b5ed1,2026-07-02T05:22:19Z,Thunderstorm,grindină,adevarul.ro,ro,0.9,"Gelber Sturmcode in ganz Rumänien. ANM kündigt sintflutartige Regenfälle, Stürme und Hagel an. Die National Meteorological Administration (ANM) hat für das gesamte Land eine Warnung mit dem Code Yellow vor atmosphärischer Instabilität herausgegeben, die bis Freitagmorgen gültig ist. Meteorologen warnen vor sintflutartigen Regenfällen, Schneestürmen, elektrischen Entladungen und Erdrutschen.","Cod galben de furtuni în toată România. ANM anunță ploi torențiale, vijelii și grindină","Administrația Națională de Meteorologie (ANM) a emis o atenționare Cod galben de instabilitate atmosferică pentru întreaga țară, valabilă până vineri dimineață. Meteorologii avertizează că vor fi averse torențiale, vijelii, descărcări electrice și căderi de g…","Yellow storm code throughout Romania. ANM announces torrential rains, gales and hail. The National Meteorological Administration (ANM) has issued a Code Yellow warning of atmospheric instability for the entire country, valid until Friday morning. Meteorologists warn that there will be torrential downpours, blizzards, electrical discharges and falls of g...","Crocus codicem cepit per totam Romanam. ANM denuntiat imbres torrentes, flamina grandinis. Nationalis Administrationis Meteorologicorum (ANM) Codicem Flavi monitum instabilitatis atmosphaerici pro tota terra edixit, valida usque ad mane Veneris. Meteorologi monent imbres torrentes, blizzardas, electricas emissiones et casus g... futuros.",https://adevarul.ro/stiri-interne/meteo/cod-galben-de-furtuni-in-toata-romania-anm-anunta-2540411.html,https://cdn.adh.reperio.news/image-7/705d34d5-fcd9-41bb-83ff-1767ccacbb07/index.jpeg?p=f%3Djpeg%26w%3D1200%26h%3D630%26r%3Dcover,,"Administraia Naional de Meteorologie (ANM) a emis o atenionare Cod galben de instabilitate atmosferic pentru întreaga ar, valabil pân vineri diminea. Meteorologii avertizeaz c vor fi averse toreniale… [+2340 chars]",,2026-07-18 03:44:09+00:00,random,,,
b8ca82581fd9d91e5d9839689312dca8,2026-07-14T16:01:26Z,Thunderstorm,grindină,adevarul.ro,ro,0.9,"Landkreise, die unter Code-Orange-Stürme fallen. ANM kündigt sintflutartige Regenfälle, Stürme und Hagel an. Die National Meteorological Administration (ANM) gab am Dienstag eine Code-Orange-Nowcasting-Warnung vor sintflutartigen Regenfällen heraus, die bis 19:20 Uhr gültig ist.","Județele care intră sub Cod portocaliu de furtuni. ANM anunță ploi torențiale, vijelii și grindină","Administrația Națională de Meteorologie (ANM) a emis, marți, o avertizare nowcasting Cod portocaliu de averse torențiale, valabilă până la ora 19:20.","Counties that fall under Code Orange storms. ANM announces torrential rains, gales and hail. The National Meteorological Administration (ANM) issued, on Tuesday, a Code Orange nowcasting warning of torrential showers, valid until 19:20.","Comitatuum qui sub Codice Arausicano procellis cadunt. ANM denuntiat imbres torrentes, flamina grandinis. Administratio Meteorologica Nationalis (ANM) die Martis edita est, Codex Aureus nunc monitus de imbres torrentium validus usque ad 19:20.",https://adevarul.ro/stiri-interne/meteo/judetele-care-intra-sub-cod-portocaliu-de-furtuni-2543210.html,https://cdn.adh.reperio.news/image-d/dc6268f6-4211-47fc-b83d-d02eca832987/index.jpeg?p=f%3Djpeg%26w%3D1200%26h%3D630%26r%3Dcover,,"Administraia Naional de Meteorologie (ANM) a emis, mari, o avertizare nowcasting Cod portocaliu de averse toreniale, valabil pân la ora 19:20, pentru mai multe localiti din judeele Bacu, Neam i Vaslu… [+1136 chars]",,2026-07-18 03:44:09+00:00,random,,,
a68a27a95b82ada67152dfa9dc0b0d0d,2026-07-08T10:36:57Z,Tropical Cyclone,aterizare,www.mediafax.ro,ro,0.9,"Transport zum Mond bis 2030? Ein japanisches Unternehmen, das mit SpaceX zusammenarbeitet, könnte diesen Service anbieten. Das japanische Mondtransportunternehmen ispace gab am Mittwoch bekannt, dass es eine neue kostengünstige Frachtmission zum Mond mit der schweren Rakete Starship und dem Mondlander starten wird, die von SpaceX, dem Unternehmen von Elon Musk, entwickelt wurden.",Transport pe Lună până din 2030? O companie japoneză colaborează cu SpaceX ar putea oferi acest serviciu,"Compania japoneză de transport lunar ispace a anunțat, miercuri, că va lansa o nouă activitate de transport de marfă către Lună, la costuri reduse, folosind racheta grea Starship și modulul de aterizare lunar dezvoltate de SpaceX, compania lui Elon Musk.","Transportation to the Moon by 2030? A Japanese company working with SpaceX could offer this service. Japanese lunar transport company ispace announced on Wednesday that it will launch a new low-cost cargo mission to the moon using the Starship heavy rocket and lunar lander developed by SpaceX, Elon Musk's company.","Transportatio ad Lunam per MMXXX? Societas Iaponica cum SpaceX cooperans hoc officium offerre potuit. Iaponicus societas lunares onerariis spatii huius die Mercurii denuntiavit se novam missionem onerariam in lunam immissurum esse, utens in terra stellata gravi eruca et descensoria lunaris a SpaceX, Elon Musk evoluta.",https://www.mediafax.ro/externe/transport-pe-luna-pana-din-2030-o-companie-japoneza-colaboreaza-cu-spacex-ar-putea-oferi-aceste-servicii-23768836,https://www.mediafax.ro/wp-content/uploads/2026/04/1775575181-nasa-luna-artemis-10.jpg,,"Compania japonez ispace, cu sediul în Tokyo, a cumprat o capacitate de 500 kg pentru suma de 50 de milioane de dolari pe o nav Starship care ar urma s aterizeze pe Lun din 2030 i va construi un vehic… [+1773 chars]",,2026-07-18 11:33:38+00:00,random,,,
4ef0b318b4bd8195c995ea8dd75d7fc3,2026-07-11T13:39:54Z,Snow&Ice,ger,www.digi24.ro,ro,0.9,"Neue Bilder aus dem Flugzeug, bei dem während des Fluges ein Bullauge zerbrochen ist. Ein Passagier war kurz davor, aus dem Flugzeug geschleudert zu werden. Bilder mit starker emotionaler Wirkung entstanden am Freitag, als das Bullauge eines Flugzeugs während des Fluges zerbrach. Einige Sequenzen wurden von einer Frau gefilmt, die eine Sauerstoffmaske trug, die durch die Druckentlastung des Flugzeugs freigesetzt wurde. Andere Kader waren überrascht ...",Noi imagini din avionul în care s-a spart un hublou în timpul zborului. Un pasager a fost la un pas să fie tras în afara aeronavei,"Imagini cu puternic impact emoțional au fost surprinse vineri, când hubloul unui avion s-a spart în timpul zborului. Unele secvențe au fost filmate de o femeie care poartă masca de oxigen, eliberată în urma depresurizării aeronavei. Alte cadre au fost surprin…","New images from the plane in which a porthole was broken during the flight. A passenger was on the verge of being thrown out of the aircraft. Images with strong emotional impact were captured on Friday, when the porthole of a plane broke during the flight. Some sequences were filmed by a woman wearing an oxygen mask, released by the depressurization of the aircraft. Other cadres were surprised…","Imagines novae e plano in quibus porthole volatu rumpebatur. Vector paene proici e elit. Imagines cum impulsu motus valido die Veneris captae sunt, cum porthole plani in volatu erupit. Quaedam sequentia a muliere larvata oxygenii formata sunt, a depressurizatione aircraft emissa. Aliae cadres admirati sunt…",https://www.digi24.ro/stiri/externe/noi-imagini-din-avionul-in-care-s-a-spart-un-hublou-in-timpul-zborului-un-pasager-a-fost-la-un-pas-sa-fie-tras-in-afara-aeronavei-3858117,https://s.iw.ro/gateway/g/ZmlsZVNvdXJjZT1odHRwJTNBJTJGJTJG/c3RvcmFnZTA4dHJhbnNjb2Rlci5yY3Mt/cmRzLnJvJTJGc3RvcmFnZSUyRjIwMjYl/MkYwNyUyRjExJTJGMjg0MzMxMl8yODQz/MzEyX05EQW1hR0Z6YUQxbU16UTROMkZs/T1dObFlUVmxPRFkwWWpobU1qQmpabUZq/Wmpkak0yVXhOd190aHVtYl8uanBnJnc9/MTIwMCZoPTYzMCZ6Yz0xJmhhc2g9N2Q3/N2U3MWJmNzZiZTg5MGMxYzU2NzQ0MjMxNTUxNWY=.thumb.jpg,,"Imagini cu puternic impact emoional au fost surprinse vineri, când hubloul unui avion s-a spart în timpul zborului. Unele secvene au fost filmate de o femeie care poart masca de oxigen, eliberat în u… [+973 chars]",,2026-07-18 11:33:38+00:00,random,,,
1c950aa9080b86556fb808965e35c4e9,2026-07-17T14:07:24Z,Landslide,alunecare de teren,www.mediafax.ro,ro,0.9,Horror in einer chinesischen Stadt: Ganze Häuserblöcke werden von einem Erdrutsch verschluckt. Über 1.000 Bewohner evakuiert. Ein massiver Erdrutsch begrub am Freitag Häuser und Wohnblöcke in der südwestchinesischen Stadt Chongqing und zwang mehr als 1.000 Einwohner zur Evakuierung ihrer Häuser.,"Groază într-un oraș din China: blocuri întregi, înghițite într-o alunecare de teren. Peste 1.000 de locuitori evacuați","Vineri, în orașul Chongqing, din sud-vestul Chinei, o alunecare masivă de teren a îngropat case și blocuri și a forțat peste 1.000 de locuitori să-și evacueze locuințele.","Horror in a Chinese city: Whole blocks swallowed up in a landslide. Over 1,000 residents evacuated. A massive landslide buried houses and blocks of flats and forced more than 1,000 residents to evacuate their homes in the southwestern Chinese city of Chongqing on Friday.","Horror in urbe Sinensis: Totae ruinae in LAPSUS absorptae sunt. Plus 1,000 incolas excessit. Ingens ruina domus sepultae et caudices camporum plus quam 1000 incolas coegit ut domos suas decederet in urbe Chongqing die Veneris meridiem Sinensium meridiem.",https://www.mediafax.ro/externe/groaza-intr-un-oras-din-china-blocuri-intregi-inghitite-intr-o-alunecare-de-teren-peste-1-000-de-locuitori-evacuati-23774261,https://www.mediafax.ro/wp-content/uploads/2026/07/alunecare-de-teren-china.jpg,,"Postul de televiziune de stat CCTV a declarat c cel puin 10 persoane au fost salvate din drâmturi i c operaiunile de cutare i salvare erau în curs de desfurare.
CCTV a precizat c alunecarea de teren… [+1267 chars]",,2026-07-19 07:41:29+00:00,random,,,
677c4ae1cefb1427329d2007106de746,2026-07-17T19:15:39Z,Landslide,alunecare de teren,www.realitatea.net,ro,0.9,"Der Moment, als die Erde mit all den Gebäuden bergab ging. Katastrophe in China, 8 Menschen starben, Dutzende werden vermisst. Am Freitag ereignete sich in der Stadt Chongqing im Südwesten Chinas ein Erdrutsch, der mehr als zehn Gebäude begrub und zur Evakuierung von mindestens 1.100 Einwohnern führte, berichten die Agenturen Reuters, EFE und Xinhua. Acht Menschen starben und weitere 34 wurden…","Momentul în care pământul a luat-o la vale cu tot cu clădiri. Dezastru în China, 8 oameni au murit, zeci sunt dați dispăruți","O alunecare de teren s-a produs vineri în municipiul Chongqing din sud-vestul Chinei, îngropând peste zece clădiri și conducând la evacuarea a cel puțin 1.100 de locuitori, informează agențiile Reuters, EFE și Xinhua. Opt persoane au murit, iar alte 34 au fos…","The moment when the earth went downhill with all the buildings. Disaster in China, 8 people died, dozens are missing. A landslide occurred on Friday in the city of Chongqing in southwestern China, burying more than ten buildings and leading to the evacuation of at least 1,100 residents, inform the Reuters, EFE and Xinhua agencies. Eight people died and another 34 were…","Extemplo terram cum omnibus edificiis declivis. Calamitas in Sinis, 8 homines mortui sunt, justo desunt. Lapsus die Veneris in urbe Chongqing in Sinis meridiem occidentalem incidit, plus decem aedificia sepeliens et ad evacuationem incolarum saltem 1,100, certiorem fecit Reuters, EFE et Xinhua institutionum. Octo homines mortui sunt et alius XXXIV erant…",https://www.realitatea.net/stiri/actualitate/momentul-in-care-pamantul-a-luat-o-la-vale-cu-tot-cu-cladiri-dezastru-in-china-8-oameni-au-murit-zeci-sunt-dati-disparuti-0nkc5t,https://www.realitatea.net/storage/media/7/2026/07/china-0Aau6a.webp,,"O alunecare de teren s-a produs vineri în municipiul Chongqing din sud-vestul Chinei, îngropând peste zece cldiri i conducând la evacuarea a cel puin 1.100 de locuitori, informeaz ageniile Reuters, E… [+2290 chars]",,2026-07-19 07:41:29+00:00,random,,,
bc462ac6c87e2bdb814945cefe807536,2026-07-17T21:33:51Z,Landslide,alunecare,www.mediafax.ro,ro,0.9,"Erdrutsche in China, neueste Daten / Mindestens acht Tote und 34 Vermisste. Ein gewaltiger Erdrutsch erschütterte am Freitag den Südwesten Chinas, wobei mindestens acht Menschen ums Leben kamen und 34 weitere vermisst wurden. Mehr als zehn Gebäude wurden unter Tausenden Tonnen Gestein und Erde begraben, Hunderte Retter suchen nach Überlebenden. Der letzte…","Alunecările de teren din China, ultimele date / Cel puțin opt morți și 34 de persoane – date dispărute","O alunecare de teren de proporții a lovit vineri sud-vestul Chinei, provocând moartea a cel puțin opt persoane și dispariția altor 34. Peste zece clădiri au fost îngropate sub mii de tone de roci și pământ, iar sute de salvatori caută supraviețuitori. Ultimel…","China landslides, latest data / At least eight dead and 34 people missing. A massive landslide hit southwest China on Friday, killing at least eight people and leaving 34 others missing. More than ten buildings were buried under thousands of tons of rock and earth, and hundreds of rescuers are searching for survivors. The last…","Sina proruit, notitiae novissimae / Saltem octo mortui et 34 homines desunt. Ingens lapsus in meridiem Sinas Veneris die percussit, octingentos saltem homines interfecit et 34 alios absentis reliquit. Plus decem aedificia sub milibus talentorum petrae et terrae obrutae sunt et centum servatores superstites quaerunt. Ultima…",https://www.mediafax.ro/externe/alunecarile-de-teren-din-china-ultimele-date-cel-putin-opt-morti-si-34-de-persoane-date-disparute-23774504,https://www.mediafax.ro/wp-content/uploads/2026/07/china-alunecari-de-teren.jpg,,"Ultimele date ale devastatoarelor alunecri de teren din China, acolo unde mii de tone de roc i pmânt au îngropat peste zece blocuri de locuine, iar peste 1.100 de persoane au fost nevoite s-i prseasc… [+2672 chars]",,2026-07-19 07:41:29+00:00,random,,,
6272f95b5f511af04d43e1063260d409,2026-07-19T09:16:06Z,Earthquake,cutremur,www.realitatea.net,ro,0.9,Starkes Erdbeben in Peru. Eine Person starb und mehrere Gebäude wurden zerstört. Nach Angaben der deutschen Nachrichtenagentur dpa hat am Samstagabend ein starkes Erdbeben den Südwesten Perus erschüttert und dabei mindestens einen Menschen getötet und mehrere weitere verletzt.,"Cutremur puternic în Peru. O persoană a murit, iar mai multe clădiri au fost distruse","Un cutremur puternic s-a produs sâmbătă seara în sud-vestul statului Peru, provocând moartea a cel puțin unei persoane și rănirea altor câteva, potrivit agenției germane de presă dpa.","Strong earthquake in Peru. One person died and several buildings were destroyed. A strong earthquake struck southwestern Peru on Saturday night, killing at least one person and injuring several others, according to the German news agency dpa.","Terrae motus validus in Peruvia. Unus homo mortuus est et multa aedificia perierunt. Terrae motus vehemens die Saturni noctis Peruvii meridiem occidentalem percussit, unum saltem hominem occidens et plures alios laedens, secundum dpa nuntiorum Germanorum.",https://www.realitatea.net/stiri/actualitate/cutremur-puternic-in-peru-o-persoana-a-murit-iar-mai-multe-cladiri-au-fost-distruse-sytj6i,https://www.realitatea.net/storage/media/5/2026/01/cutremur_e7bf017371.webp,,"Un cutremur puternic s-a produs sâmbt seara în sud-vestul statului Peru, provocând moartea a cel puin unei persoane i rnirea altor câteva, potrivit ageniei germane de pres dpa.Ce magnitudine a avut s… [+1145 chars]",,2026-07-22 07:56:36+00:00,random,,,
c8140e3d764d950f0ed96430da9b3155,2026-07-19T17:19:05Z,Earthquake,cutremur,www.mediafax.ro,ro,0.9,"Erdbeben der Stärke 5,5 in Peru: Mindestens 5 Tote und 20 Verletzte. Mindestens fünf Menschen starben und 20 wurden verletzt, nachdem ein Erdbeben der Stärke 5,5 Zentralperu erschütterte.","Cutremur cu magnitudinea 5,5 în Peru: Cel puțin 5 morți și 20 de răniți","Cel puțin 5 oameni au murit și ați 20 au fost răniți, în urma unui cutremur cu magnitudinea de 5.5 care a lovit centrul țării Peru.",Magnitude 5.5 earthquake in Peru: At least 5 dead and 20 injured. At least 5 people died and 20 were injured after a magnitude 5.5 earthquake struck central Peru.,Terrae motus in Peruvia 5.5 Magnitudo: Saltem 5 mortuus et 20 vulneratus. Saltem 5 homines mortui sunt et 20 laesi post magnitudinem 5.5 terrae motus centralis Peruviae percussit.,https://www.mediafax.ro/externe/cutremur-cu-magnitudinea-55-in-peru-cel-putin-5-morti-si-20-de-raniti-23775068,https://www.mediafax.ro/wp-content/uploads/2026/07/cutremur-peru.jpg,,"Un cutremur cu magnitudinea de 5,5 a zguduit regiunea Anzilor din Peru, provocând moartea a cel puin cinci persoane, au anunat duminic autoritile. Peste 20 de persoane au fost rnite, iar 300 au fost … [+2207 chars]",,2026-07-22 07:56:36+00:00,random,,,
a1bac39bf2580c6add1843c76d667d85,2026-07-20T04:10:09Z,Earthquake,cutremur,www.digi24.ro,ro,0.9,"Peru, von zwei Erdbeben heimgesucht: mindestens sechs Tote und 21 Verletzte. Mindestens sechs Menschen kamen ums Leben und 21 weitere wurden verletzt, nachdem Peru von zwei Erdbeben heimgesucht wurde, berichtet Reuters, übernommen von News.ro.","Peru, lovit de două cutremure: cel puțin șase morți și 21 de răniți","Cel puțin șase persoane și-au pierdut viața și alte 21 au fost rănite, după ce două cutremure au lovit Peru, anunță Reuters, preluată de News.ro.","Peru, hit by two earthquakes: at least six dead and 21 injured. At least six people lost their lives and 21 others were injured, after two earthquakes hit Peru, Reuters reports, taken over by News.ro.","Peruviae duobus terrae motibus ictus: saltem sex mortui et XXI vulnerati. Saltem sex homines vitam amiserunt et 21 alii laesi sunt, postquam duos motus terrae motus Peru, Reuters relatum est, a News.ro occupatum est.",https://www.digi24.ro/stiri/externe/peru-lovit-de-doua-cutremure-cel-putin-sase-morti-si-21-de-raniti-3869391,https://s.iw.ro/gateway/g/ZmlsZVNvdXJjZT1odHRwJTNBJTJGJTJG/c3RvcmFnZTA4dHJhbnNjb2Rlci5yY3Mt/cmRzLnJvJTJGc3RvcmFnZSUyRjIwMjYl/MkYwNyUyRjIwJTJGMjg1ODAxMV8yODU4/MDExX1ZpY3RpbWUtc2ktcGFndWJlLW1h/dGVyaWFsZS1pbi11cm1hLWEtZG91YS1j/dXRyZW11cmUtaW4tUGVydV8tRm90by1Q/cm9maW1lZGlhLmpwZyZ3PTEyMDAmaD02/MzAmemM9MSZoYXNoPTJhYjM0NDNjNWE4M2YwOWUzMWI1ZDllMDE1MjFiMTQx.thumb.jpg,,"Cel puin ase persoane i-au pierdut viaa i alte 21 au fost rnite, dup ce dou cutremure au lovit Peru, anun Reuters, preluat de News.ro.
Cutremurele, cu magnitudini de 5,1 i 3,7, au avut loc în provin… [+1099 chars]",,2026-07-22 07:56:36+00:00,random,,,
f92e05e92ff786e40d3be1c0c273fd9e,2026-07-20T05:08:52Z,Earthquake,cutremur peru,www.realitatea.net,ro,0.9,"Mindestens sechs Tote und 21 Verletzte nach zwei Erdbeben in Peru. Mindestens sechs Menschen starben und 21 weitere wurden verletzt, nachdem zwei Erdbeben eine Bergregion in Peru erschütterten, teilten die Behörden unter Berufung auf Reuters mit.",Cel puțin șase morți și 21 de răniți după două cutremure în Peru,"Cel puțin șase persoane și-au pierdut viața, iar alte 21 au fost rănite în urma a două cutremure produse într-o regiune montană din Peru, au anunțat autoritățile, citate de Reuters.","At least six dead and 21 injured after two earthquakes in Peru. At least six people have died and 21 others have been injured after two earthquakes struck a mountainous region of Peru, authorities said, citing Reuters.","Saltem sex mortui et XXI vulnerati sunt post duos terrae motus in Peruvia. Saltem sex homines mortui sunt et 21 alii laesi sunt post duos terrae motus regionem montanum Peruviae percussum, auctores Reuters citantes.",https://www.realitatea.net/stiri/actualitate/cel-putin-sase-morti-si-21-de-raniti-dupa-doua-cutremure-in-peru-xbhpu3,https://www.realitatea.net/storage/media/5/2026/01/cutremur_e7bf017371.webp,,"Cel puin ase persoane i-au pierdut viaa, iar alte 21 au fost rnite în urma a dou cutremure produse într-o regiune montan din Peru, au anunat autoritile, citate de Reuters.Zeci de locuine distruse
Se… [+754 chars]",,2026-07-22 07:56:36+00:00,usgs,Peru,SAM,South-America
7e9969e43a4910086f30303cf1edc095,2026-07-07T20:26:14Z,Precipitation,ploaie brazilia,www.realitatea.net,ro,0.2,"Schockierender Flugzeugabsturz. Ein Pilot ist gestorben, nachdem er während einer Flugstunde aus einem Flugzeug gestürzt war. Ein Fluglehrer in Argentinien ist gestorben, nachdem er während einer Flugstunde aus einem Flugzeug geschleudert wurde. Der Student war allein auf der Landebahn und schaffte es, das Flugzeug sicher zu landen.",Accident aviatic șocant. Un pilot a murit după ce a căzut din avion în timpul unei lecții de zbor,Un instructor de zbor din Argentina și-a pierdut viața după ce a ieșit din avion în timpul unei lecții. Cursanta a rămas singură la manșă și a reușit să aterizeze aeronava în siguranță.,Shocking plane crash. A pilot has died after falling from a plane during a flying lesson. A flight instructor in Argentina has died after ejecting from a plane during a lesson. The student was alone on the runway and managed to land the aircraft safely.,Horrendum planum fragor. Gubernator post lectionem volantem in plano decidit. Praeceptor fugae in Argentina mortuus est cum in lectione e plano eiecerit. Discipulus solus in ponte erat et tuto ad terram elit.,https://www.realitatea.net/stiri/actualitate/accident-aviatic-socant-un-pilot-a-murit-dupa-ce-a-cazut-din-avion-in-timpul-unei-lectii-de-zbor-ak69ax,https://www.realitatea.net/storage/media/7/2026/07/pilot-mort-sKIq3p.webp,,"Un instructor de zbor din Argentina i-a pierdut viaa dup ce a ieit din avion în timpul unei lecii. Cursanta a rmas singur la man i a reuit s aterizeze aeronava în siguran.
Un incident aviatic fr pre… [+2647 chars]",,2026-07-23 03:57:59+00:00,wmo,Brazil,SAM,South-America
964264a438d5ec244fac11204965a830,2026-07-10T05:51:56Z,Tropical Cyclone,aterizare,www.realitatea.net,ro,0.9,"Notlandung eines F-16-Flugzeugs auf der Insel Zakynthos. Der Flughafen wurde vorübergehend geschlossen: schockierende Bilder VIDEO. Ein F-16-Kampfflugzeug der griechischen Luftwaffe musste auf dem Flughafen von Zakynthos notlanden, nachdem während eines Trainingsfluges ein Triebwerksbrand ausgebrochen war. Dem Piloten gelang es, das Flugzeug sicher auf den Boden zu bringen und zu entkommen...",Aterizare de urgență a unui avion F-16 pe insula Zakynthos. Aeroportul a fost închis temporar: imagini șocante VIDEO,"Un avion de vânătoare F-16 al Forțelor Aeriene Elene a efectuat o aterizare de urgență pe aeroportul din Zakynthos, după ce un incendiu a izbucnit la motor în timpul unui zbor de antrenament. Pilotul a reușit să aducă aeronava în siguranță la sol și a scăpat …",Emergency landing of an F-16 plane on the island of Zakynthos. The airport was temporarily closed: shocking images VIDEO. A Hellenic Air Force F-16 fighter jet made an emergency landing at Zakynthos airport after an engine fire broke out during a training flight. The pilot managed to bring the aircraft safely to the ground and escaped...,16 Subitis exscensio in plano insulae Zakynthos f. Aeroportus tempus clausit: imagines foeda VIDEO. A Hellenic Air Force F-16 pugnator gagates repentinus appulsus Zakynthos aeriportus factus est postquam tormento ignis in exercitatione fuga erupit. Gubernator ad terram tuto deducere curavit et evasit...,https://www.realitatea.net/stiri/actualitate/aterizare-de-urgenta-a-unui-avion-f-16-pe-insula-zakynthos-aeroportul-a-fost-inchis-temporar-imagini-socante-video-wfnrzk,https://www.realitatea.net/storage/media/7/2026/07/avion-f16-profimedia-KfWLgQ.webp,,"Un avion de vântoare F-16 al Forelor Aeriene Elene a efectuat o aterizare de urgen pe aeroportul din Zakynthos, dup ce un incendiu a izbucnit la motor în timpul unui zbor de antrenament. Pilotul a re… [+1699 chars]",,2026-07-23 03:57:59+00:00,random,,,
6831cdc343bf5a3ef8051f8fc1ae04c8,2026-07-19T11:19:29Z,Thunderstorm,grindină,www.digi24.ro,ro,0.9,"Code Rot für Hagel, Schauer und Gewitter im Kreis Neamț, bis 15:00 Uhr. Am Sonntag erließen die Meteorologen für zehn Ortschaften im Kreis Neamț einen bis 15:00 Uhr gültigen roten Code für Hagel, Stürme und häufige elektrische Entladungen.","Cod roșu de grindină, averse și vijelii în județul Neamț, până la ora 15:00","Meteorologii au emis duminică un cod roșu de grindină, vijelie și frecvente descărcări electrice, valabil până la ora 15:00, pentru zece localități din județul Neamț.","Code red for hail, showers and thunderstorms in Neamț county, until 3:00 p.m. On Sunday, the meteorologists issued a red code of hail, storms and frequent electrical discharges, valid until 15:00, for ten localities in Neamț County.","Codex rubeus grandinis, imbrium et tonitruum in comitatu Neam, usque ad 3:00 a.m. Die Dominico astrologi ediderunt codicem rubrum grandinis, tempestatum et frequentium electricorum emissionem, usque ad 15:00 validum, decem locis in Neamț Comitatu.",https://www.digi24.ro/meteo/cod-rosu-de-grindina-averse-si-vijelii-in-judetul-neamt-pana-la-ora-1500-3868621,https://s.iw.ro/gateway/g/ZmlsZVNvdXJjZT1odHRwJTNBJTJGJTJG/c3RvcmFnZTA4dHJhbnNjb2Rlci5yY3Mt/cmRzLnJvJTJGc3RvcmFnZSUyRjIwMjYl/MkYwNiUyRjI0JTJGMjgwNTk3N18yODA1/OTc3X3Byb2ZpbWVkaWEtMDIxMjMxNDkx/NC5qcGcmdz0xMjAwJmg9NjMwJnpjPTEm/aGFzaD1kNTQxZjIyMWY0Zjg0ZmIwMjg3MTJmNDg3OTYzZjE2ZA==.thumb.jpg,,"Meteorologii au emis duminic un cod rou de grindin, vijelie i frecvente descrcri electrice, valabil pân la ora 15:00, pentru zece localiti din judeul Neam.
Astfel, potrivit avertizrii Administraiei … [+897 chars]",,2026-07-23 21:38:06+00:00,random,,,
b6250a9b6bb7fb28f1dba9db14371843,2026-07-02T00:30:25Z,Snow&Ice,snow arthur's pass sh73,adevarul.ro,ro,0.3,"Projekt MKUltra. Neue Aussage des US-Kongresses zum geheimen CIA-Programm zur Gedankenkontrolle. Ein geheimes CIA-Programm aus der Zeit des Kalten Krieges, das Experimente mit amerikanischen Bürgern ohne deren Zustimmung durchführte, ist wieder in den Fokus der Öffentlichkeit geraten.",Proiectul MKUltra. Noi mărturii în Congresul SUA despre programul secret al CIA de control al minții,"Un program secret al CIA din perioada Războiului Rece, în cadrul căruia s-au efectuat experimente pe cetățeni americani fără acordul acestora, a revenit în atenția publică.",Project MKUltra. New US Congressional Testimony on Secret CIA Mind Control Program. A secret Cold War-era CIA program that experimented on American citizens without their consent has come back into the public eye.,"Project MKUltra. Novum US Concilii testimonium de Secret CIA Mens Control Program. Arcanum Belli Frigidum-era CIA programma, quod civibus Americanis expertum est, sine consensu eorum in oculos publicos venit.",https://adevarul.ro/stiri-externe/sua/proiectul-mkultra-noi-marturii-in-congresul-sua-2540327.html,https://cdn.adh.reperio.news/image-d/dc2ba201-c08f-41d0-aa14-0637f63ad862/index.jpeg?p=f%3Djpeg%26w%3D1200%26h%3D630%26r%3Dcover,,"Un program secret al CIA din perioada Rzboiului Rece, în cadrul cruia s-au efectuat experimente pe ceteni americani fr acordul acestora, a revenit în atenia public. În cadrul unei audieri în Congresu… [+4631 chars]",,2026-07-26 04:09:12+00:00,wmo,New Zealand,NZ,Oceania
e85f52d3fd00b3178c8fcdba09330cf1,2026-07-12T06:31:37Z,Heat Wave,val de căldură,www.realitatea.net,ro,0.9,"Beispiellose Alarmbereitschaft in Südkorea: Extreme Hitze gefährdet die Gesundheit der Bevölkerung. Südkorea hat am Sonntag aufgrund einer extremen Hitzewelle im Südosten des Landes zum ersten Mal in der Geschichte eine Wetterwarnung mit maximaler Hitze herausgegeben. Das neue Warnsystem, das dieses Jahr als Reaktion auf die Verschärfung der Phänomene eingeführt wurde...",Alertă fără precedent în Coreea de Sud: canicula extremă pune în pericol sănătatea populației,"Coreea de Sud a emis, duminică, pentru prima dată în istorie, o alertă meteorologică de nivel maxim din cauza unui val de căldură extremă care afectează sud-estul țării. Noul sistem de avertizare, introdus în acest an ca răspuns la intensificarea fenomenelor …","Unprecedented alert in South Korea: extreme heat puts the health of the population at risk. South Korea issued a maximum-level weather alert for the first time in history on Sunday due to an extreme heat wave affecting the country's southeast. The new warning system, introduced this year in response to the intensification of phenomena...",Inauditus vigilat in Corea Meridiana: calor nimius salutem incolarum in periculo ponit. Corea Meridiana maximum-campesterem in historia die Dominico primum ob maximos aestus aestus meridiem versus patriae afficiens edidit. Nova systema monitorium hoc anno intulit respondens ad phaenomenorum intensionem.,https://www.realitatea.net/stiri/actualitate/alerta-fara-precedent-in-coreea-de-sud-canicula-extrema-pune-in-pericol-sanatatea-populatiei-tiittu,https://www.realitatea.net/storage/media/7/2026/07/canicula-coreea-de-sud-profimedia-cRBPZz.webp,,"Coreea de Sud a emis, duminic, pentru prima dat în istorie, o alert meteorologic de nivel maxim din cauza unui val de cldur extrem care afecteaz sud-estul rii. Noul sistem de avertizare, introdus în … [+2128 chars]",,2026-07-26 21:30:25+00:00,random,,,
78d89769e781d2b70b75cee2126f04f3,2026-07-21T20:22:04Z,Heat Wave,căldură,www.digi24.ro,ro,0.9,"Brände in Spanien und Frankreich, Hagel auf dem Balkan: Die Wetterkapriolen in Europa bleiben bestehen. Feuerwehrleute kämpften am Dienstag darum, Spaniens größten Waldbrand in diesem Jahr einzudämmen, als zwei Feuerwehrleute bei der Bekämpfung eines Feuers im Südwesten Frankreichs starben, inmitten einer extremen Hitzewelle, die weiterhin Treibstoff anheizte…","Incendii în Spania și Franța, grindină în Balcani: vremea capricioasă din Europa persistă","Pompierii s-au luptat marți să țină sub control cel mai mare incendiu forestier din Spania din acest an, în timp ce doi pompieri au pierit în timp ce luptau cu un incendiu în sud-vestul Franței, pe fondul unui val de căldură extremă care a continuat să alimen…","Fires in Spain and France, hail in the Balkans: capricious weather in Europe persists. Firefighters battled to contain Spain's biggest forest blaze this year on Tuesday, as two firefighters died while battling a blaze in southwestern France amid an extreme heat wave that continued to fuel…","Ignes in Hispania et Gallia, grando in Balcanis: tempestas levis in Europa manet. Firefighters pugnaverunt ad continentem silvae maximae Hispaniae hoc anno die Martis flagraverunt, cum duo pugnatores mortui sunt, dum in Gallia meridiana inter meridiem pugnantes aestus maximos fluctus, qui ad focum permanserunt, interierunt.",https://www.digi24.ro/stiri/externe/ue/incendii-in-spania-si-franta-grindina-in-balcani-vremea-capricioasa-din-europa-persista-3872797,https://s.iw.ro/gateway/g/ZmlsZVNvdXJjZT1odHRwJTNBJTJGJTJG/c3RvcmFnZTA4dHJhbnNjb2Rlci5yY3Mt/cmRzLnJvJTJGc3RvcmFnZSUyRjIwMjYl/MkYwNyUyRjIxJTJGMjg2Mjc0NV8yODYy/NzQ1X3Byb2ZpbWVkaWEtMTExNTk0NTQ1/OC5qcGcmdz0xMjAwJmg9NjMwJnpjPTEm/aGFzaD1lMDdjYzAyOTdiZDRjY2ExZGE0YjQ4YWQ2OTlkOTdhOA==.thumb.jpg,,"Pompierii s-au luptat mari s in sub control cel mai mare incendiu forestier din Spania din acest an, în timp ce doi pompieri au pierit în timp ce luptau cu un incendiu în sud-vestul Franei, pe fondul… [+4861 chars]",,2026-07-27 04:25:31+00:00,random,,,
4ca38afd39570097c9ef7498331c2846,2026-07-21T18:24:12Z,Heat Wave,căldură,www.mediafax.ro,ro,0.9,"Die Hitzewelle entleert die Donau. Der Fluss hat seinen niedrigsten Stand in Serbien seit 1946 erreicht. Die durch die Hitzewelle verursachte Dürre hat das Wasser der Donau in Serbien auf den niedrigsten Stand seit 1946 gesenkt. Schiffe sind gezwungen, ihre Ladung zu reduzieren, um fahren zu können, und Meteorologen warnen, dass auf dem Balkan starke Stürme mit grauem Wetter drohen.",Canicula golește Dunărea. Fluviul a ajuns în Serbia la cel mai scăzut nivel din 1946,"Seceta provocată de valul de căldură a coborât apele Dunării în Serbia la cea mai scăzută cotă înregistrată din 1946. Navele sunt obligate să reducă încărcătura pentru a putea naviga, iar meteorologii avertizează că în Balcani urmează furtuni puternice cu gri…","The heatwave empties the Danube. The river has reached its lowest level in Serbia since 1946. The drought caused by the heat wave has lowered the waters of the Danube in Serbia to the lowest level recorded since 1946. Ships are forced to reduce their cargo to be able to sail, and meteorologists warn that strong storms are coming in the Balkans with gray…","Danubium exinanit aestus. Flumen ultimum in Serbia pervenit ab anno 1946. Siccitas aestus causata aquas Danuvii in Serbia ad ultimum gradum deposuit ab anno 1946. Naves onere suo navigare coacti sunt, et astrologi monent tempestates validas in Balcanis cum cinereis venire…",https://www.mediafax.ro/externe/canicula-goleste-dunarea-fluviul-a-ajuns-in-serbia-la-cel-mai-scazut-nivel-din-1946-23776416,https://www.mediafax.ro/wp-content/uploads/2026/07/novi-sad.jpg,,"Nivelul Dunrii în Serbia a sczut la cel mai redus nivel înregistrat din 1946, potrivit autoritilor portuare fluviale, citate mari de Reuters. Din cauza apei foarte sczute, barjele i navele sunt oblig… [+1835 chars]",,2026-07-27 08:57:41+00:00,random,,,
76348b9147566d7c0ba19d44b7c3a46f,2026-07-03T17:08:44Z,Heat Wave,căldură record,adevarul.ro,ro,0.9,"Historische Hitzewelle in Frankreich: Die Zahl der Todesopfer steigt in der heißesten Woche der Hitzewelle um 30 %. Die Zahl der Todesfälle in Frankreich stieg in der heißesten Woche der Rekordhitzewelle, die letzten Monat weite Teile Europas verwüstete, um fast 30 %, teilte die Gesundheitsbehörde mit und fügte hinzu, dass die Zahl der Todesfälle voraussichtlich noch weiter steigen werde.",Caniculă istorică în Franța: Numărul deceselor a crescut cu 30% în cea mai fierbinte săptămână a valului de căldură,"Numărul deceselor înregistrate în Franța a crescut cu aproape 30% în cea mai toridă săptămână a valului de căldură record care a pârjolit o mare parte din Europa luna trecută, a anunțat autoritatea de sănătate publică, adăugând că se așteaptă ca bilanțul să c…","Historic heat wave in France: Death toll rises by 30% in hottest week of heat wave. The number of deaths in France rose by almost 30% in the hottest week of the record heatwave that scorched much of Europe last month, the public health authority said, adding that the toll was expected to c…","Historic calor unda in Gallia: Mors vectigal oritur per 30% in calidissima septimana fluctus aestus. Numerus funerum in Gallia ortus est a fere 30% in calidissima septimana recordi heatwave quae multum Europae proximo mense ambusta est, auctoritas sanitatis publicae dixit, addens theloneum expectatum esse c…",https://adevarul.ro/stiri-externe/europa/canicula-istorica-in-franta-numarul-deceselor-a-2540889.html,https://cdn.adh.reperio.news/image-d/df49469b-e4f9-42cd-aa52-65cd60c0803e/index.jpeg?p=f%3Djpeg%26w%3D1200%26h%3D630%26r%3Dcover,,"Numrul deceselor înregistrate în Frana a crescut cu aproape 30% în cea mai torid sptmân a valului de cldur record care a pârjolit o mare parte din Europa luna trecut, a anunat autoritatea de sntate p… [+4381 chars]",,2026-07-27 13:27:25+00:00,random,,,
2165ed7c2555a4cfd917206d3cb119b6,2026-07-09T08:45:15Z,Cold Wave,cea mai scăzută temperatură minimă,www.realitatea.net,ro,0.9,"Ungarn hat einen 64 Jahre alten Rekord gebrochen. Im Hochsommer sanken die Temperaturen drastisch auf 3,9 Grad. Ungarn verzeichnete am Donnerstag die niedrigste Tiefsttemperatur für den 9. Juli in der Geschichte meteorologischer Messungen. In der Stadt Szikszó zeigten die Thermometer nur 3,9 Grad Celsius an und übertrafen damit den Landesrekord von vor 64 Jahren.","Ungaria a doborât un record vechi de 64 de ani. Temperaturile au coborât drastic la 3,9 grade în plină vară","Ungaria a înregistrat joi cea mai scăzută temperatură minimă pentru data de 9 iulie din istoria măsurătorilor meteorologice. În localitatea Szikszó, termometrele au indicat doar 3,9 grade Celsius, depășind recordul național stabilit în urmă cu 64 de ani.","Hungary broke a 64-year-old record. Temperatures dropped drastically to 3.9 degrees in the height of summer. Hungary recorded the lowest minimum temperature for July 9 in the history of meteorological measurements on Thursday. In the town of Szikszó, the thermometers indicated only 3.9 degrees Celsius, surpassing the national record set 64 years ago.","Hungaria LXIV annorum recordum fregit. Temperaturae destiterunt ASPERITER ad 3.9 gradus in altitudine aestatis. Hungaria infima temperatura minimam minimum pro Iulio IX in historia mensurarum meteorologicarum die Iovis commemoravit. In oppido Szikszó thermometrae tantum 3.9 gradus Celsius indicantur, excedentes nationales tabulas ante 64 annos.",https://www.realitatea.net/stiri/actualitate/ungaria-a-doborat-un-record-vechi-de-64-de-ani-temperaturile-au-coborat-drastic-la-39-grade-in-plina-vara-oq26rn,https://www.realitatea.net/storage/media/7/2026/07/record-temperaturi-ungaria-T7sxB5.webp,,"Ungaria a înregistrat joi cea mai sczut temperatur minim pentru data de 9 iulie din istoria msurtorilor meteorologice. În localitatea Szikszó, termometrele au indicat doar 3,9 grade Celsius, depind r… [+1161 chars]",,2026-07-27 17:19:55+00:00,random,,,
e6fcd6509bf08b17f93e83386f0082e6,2026-07-03T13:59:26Z,Precipitation,furtună,www.realitatea.net,ro,0.9,"Roter Sturmcode in Dolj: Hagel, Stürme und sintflutartige Schauer. Die Nationale Wetterbehörde (ANM) hat am Freitag für mehrere Ortschaften im Kreis Dolj eine rote Sturmwarnung herausgegeben, die zwischen 16:50 und 18:00 Uhr gültig ist.","Cod roșu de furtună în Dolj: grindină, vijelii şi averse torenţiale","Administrația Națională de Meteorologie (ANM) a emis, vineri, o avertizare de cod roșu de furtună pentru mai multe localități din judeţul Dolj, valabilă în intervalul orar 16:50 - 18:00.","Red storm code in Dolj: hail, gales and torrential showers. The National Meteorological Administration (ANM) issued, on Friday, a red storm warning for several localities in Dolj county, valid between 16:50 and 18:00.","Red tempestas in Dolj: grando, procellae et imbres torrentes. Nationalis Administrationis Meteorologicae (ANM) die Veneris edita est tempestas rubra admonitio aliquot locorum in comitatu Dolj, valida inter 16:50 et 18:00.",https://www.realitatea.net/stiri/actualitate/cod-rosu-de-furtuna-in-dolj-grindina-vijelii-si-averse-torentiale-vzrysk,https://www.realitatea.net/storage/media/7/2026/07/furtuna-facebook-meteoplus-ugVZoy.webp,,"Administraia Naional de Meteorologie (ANM) a emis, vineri, o avertizare de cod rou de furtun pentru mai multe localiti din judeul Dolj, valabil în intervalul orar 16:50 - 18:00.Potrivit meteorologilo… [+607 chars]",,2026-07-29 03:53:27+00:00,random,,,
572e032efb34cdf446899338e1290803,2026-07-10T04:00:53Z,Precipitation,furtună,www.digi24.ro,ro,0.9,"Die NATO hat in Ankara einen neuen „Sturm“ von Trump gut überstanden, aber ein weiterer kommt: die Überprüfung der Präsenz amerikanischer Truppen in Europa. Die Nato hat einen neuen Sturm überstanden, den Donald Trump ausgelöst hat, doch die europäischen Mitglieder des Militärbündnisses rechnen mit noch größeren Turbulenzen in den Beziehungen zum US-Präsidenten. Die Tatsache, dass ein NATO-Gipfel, der mit der Anordnung eines amerikanischen Führers begann …","NATO a trecut cu bine la Ankara peste o nouă „furtună” Trump, dar urmează alta: Revizuirea prezenţei trupelor americane în Europa","NATO a trecut cu bine peste o nouă furtună provocată de Donald Trump, dar membrii europeni ai alianţei militare se pregătesc pentru şi mai multe turbulenţe în relaţiile cu preşedintele SUA. Faptul că un summit NATO, care a început cu un lider american ordonân…","NATO passed well in Ankara over a new Trump ""storm"", but another one is coming: Reviewing the presence of American troops in Europe. NATO has weathered a new storm caused by Donald Trump, but the European members of the military alliance are preparing for even more turbulence in relations with the US president. The fact that a NATO summit, which began with an American leader ordering…","NATO bene transivit in Ancyra super novam Trump ""procellam"", sed alius venit: praesentiam militum Americanorum in Europa recognoscere. NATO novam tempestatem a Donald Trump causatam inhibuit, sed Europaei sodales societatis militaris plus etiam turbulentiae in relationibus cum Praeside US US paraverunt. Quod in verticem NATO, quod cum duce Americano incepit, ordinans…",https://www.digi24.ro/stiri/externe/ue/nato-a-trecut-cu-bine-la-ankara-peste-o-noua-furtuna-trump-dar-urmeaza-alta-revizuirea-prezentei-trupelor-americane-in-europa-3855907,https://s.iw.ro/gateway/g/ZmlsZVNvdXJjZT1odHRwJTNBJTJGJTJG/c3RvcmFnZTA4dHJhbnNjb2Rlci5yY3Mt/cmRzLnJvJTJGc3RvcmFnZSUyRjIwMjYl/MkYwNyUyRjA5JTJGMjg0MTQ3NF8yODQx/NDc0X3Byb2ZpbWVkaWEtMTExNTIxMjIy/NS5qcGcmdz0xMjAwJmg9NjMwJnpjPTEm/aGFzaD1jMjQ0ODE0NzMwM2IyMjNiNTUyYTk2NGUzNzk3YTE4MQ==.thumb.jpg,,"NATO a trecut cu bine peste o nou furtun provocat de Donald Trump, dar membrii europeni ai alianei militare se pregtesc pentru i mai multe turbulene în relaiile cu preedintele SUA. Faptul c un summit… [+5962 chars]",,2026-07-29 03:53:27+00:00,random,,,
d3931f5c339f7e81c79acfe01bfa17a5,2026-07-13T07:38:16Z,Thunderstorm,furtună,www.digi24.ro,ro,0.9,"Gelber Code für Sturm und sintflutartigen Regen, heute in 12 Landkreisen und in der Hauptstadt. Das Wetter für den Rest der Woche und wie warm es auf See sein wird. Die Hauptstadt und mehrere Landkreise unterliegen am Montag einer gelben Warnung vor atmosphärischer Instabilität und quantitativ erheblichen Schauern.","Cod galben de furtună și ploi torențiale, azi, în 12 județe și în Capitală. Vremea în restul săptămânii și cât de cald va fi la mare",Capitala și mai multe județe se află luni sub o avertizare cod galben de instabilitate atmosferică și averse însemnate cantitativ.,"Yellow code of storm and torrential rain, today, in 12 counties and in the Capital. The weather for the rest of the week and how warm it will be at sea. The capital and several counties are under a yellow code warning on Monday of atmospheric instability and quantitatively significant showers.","Crocus Codex procellarum et pluviarum torrentium, hodie in 12 comitatibus et in Capital. Tempestas reliqua sabbati et quam calidum erit in mari. Capitales et plures comitatus sub fulvo codice moniti sunt Lunae de instabilitate atmosphaerica et quantita- tive imbres significantes.",https://www.digi24.ro/meteo/cod-galben-de-furtuna-si-ploi-torentiale-azi-in-12-judete-si-in-capitala-vremea-in-restul-saptamanii-si-cat-de-cald-va-fi-la-mare-3859463,https://s.iw.ro/gateway/g/ZmlsZVNvdXJjZT1odHRwJTNBJTJGJTJG/c3RvcmFnZTA4dHJhbnNjb2Rlci5yY3Mt/cmRzLnJvJTJGc3RvcmFnZSUyRjIwMjYl/MkYwNiUyRjI0JTJGMjgwNTk3N18yODA1/OTc3X3Byb2ZpbWVkaWEtMDIxMjMxNDkx/NC5qcGcmdz0xMjAwJmg9NjMwJnpjPTEm/aGFzaD1kNTQxZjIyMWY0Zjg0ZmIwMjg3MTJmNDg3OTYzZjE2ZA==.thumb.jpg,,"Capitala i mai multe judee se afl luni sub o avertizare cod galben de instabilitate atmosferic i averse însemnate cantitativ. În zilele urmtoare, instabilitatea atmosferic se va resimi în mai toate r… [+2206 chars]",,2026-07-29 03:53:27+00:00,random,,,
ca747cb1a63783ffe6bf36666fd666dc,2026-07-16T08:28:04Z,Thunderstorm,furtună,www.realitatea.net,ro,0.9,"Heftiger Sturm in Frankreich: Hagel bis zu 7 Zentimeter zerstörte Autos und bedeckte die Straßen. Schockierende Bilder FOTO & VIDEO. Ein heftiger Sturm, begleitet von großen Hagelkörnern, hat das Département Ardèche im Südosten Frankreichs heimgesucht und erhebliche Schäden verursacht. Bis zu 7 Zentimeter große Eisbrocken zerschmetterten Autowindschutzscheiben, beschädigten Gebäude und bedeckten Straßen in…",Furtună violentă în Franța: grindină de până la 7 centimetri a distrus mașinile și a acoperit străzile. Imagini șocante FOTO&VIDEO,"O furtună violentă, însoțită de grindină de mari dimensiuni, a lovit departamentul Ardèche din sud-estul Franței, provocând pagube importante. Bucăți de gheață de până la 7 centimetri au spart parbrizele mașinilor, au avariat clădiri și au acoperit străzile î…","Violent storm in France: hail up to 7 centimeters destroyed cars and covered the streets. Shocking images PHOTO&VIDEO. A violent storm, accompanied by large hailstones, hit the Ardèche department in southeastern France, causing significant damage. Pieces of ice up to 7 centimeters smashed car windshields, damaged buildings and covered streets in…","Tempestas violenta in Gallia: grando usque ad 7 centimetra carros delevit et vias obduxit. Shock images PHOTO&VIDEO. Tempestas vehemens, cum grandibus magnis, Ardèche in Francia australi in Francia meridionali, damnum significans causans. Frusta glaciei usque ad VII centimeters fracti currus windshields, laesa aedificia et plateas in ...",https://www.realitatea.net/stiri/actualitate/furtuna-violenta-in-franta-grindina-de-pana-la-7-centimetri-a-distrus-masinile-si-a-acoperit-strazile-imagini-socante-fotovideo-rconji,https://www.realitatea.net/storage/media/7/2026/07/grindina-franta-foto-x-SUgu4w.webp,,"O furtun violent, însoit de grindin de mari dimensiuni, a lovit departamentul Ardèche din sud-estul Franei, provocând pagube importante. Buci de ghea de pân la 7 centimetri au spart parbrizele mainil… [+1820 chars]",,2026-07-29 03:53:27+00:00,random,,,
447001e7eca544dffef34073d5022b6f,2026-07-17T05:40:43Z,Precipitation,furtună,www.realitatea.net,ro,0.9,"Verheerender Sturm in Chile: Drei Menschen starben, Hunderttausende Menschen blieben ohne Strom. Ein Sturm seltener Intensität hat in Chile verheerende Schäden angerichtet, wo drei Menschen starben und Dutzende Familien von Überschwemmungen und Zerstörung betroffen waren. Extreme Wetterphänomene, gekennzeichnet durch sintflutartige Regenfälle, Windböen von über 1...","Furtună devastatoare în Chile: Trei persoane au murit, sute de mii de oameni au rămas fără curent","O furtună de o intensitate rar întâlnită a provocat haos în Chile, unde trei persoane și-au pierdut viața, iar zeci de familii au fost afectate de inundații și distrugeri. Fenomenele meteo extreme, caracterizate prin ploi torențiale, rafale de vânt de peste 1…","Devastating storm in Chile: Three people died, hundreds of thousands of people were left without power. A storm of rare intensity has wreaked havoc in Chile, where three people have died and dozens of families have been affected by flooding and destruction. Extreme weather phenomena, characterized by torrential rains, wind gusts of over 1...","Tempestas vastans in Chile: Tres homines mortui sunt, centum milia hominum sine potestate remanserunt. Tempestas rarae vehementiae in Chile stragem fecit, ubi tres homines mortui sunt et justo familiarum inundatione et interitu affecti sunt. Extremae tempestatis phaenomena, torrens imbribus propria, venti procellis super 1. ...",https://www.realitatea.net/stiri/actualitate/furtuna-devastatoare-in-chile-trei-persoane-au-murit-sute-de-mii-de-oameni-au-ramas-fara-curent-0fir8z,https://www.realitatea.net/storage/media/7/2026/06/furtuna-AOfbV2.webp,,"O furtun de o intensitate rar întâlnit a provocat haos în Chile, unde trei persoane i-au pierdut viaa, iar zeci de familii au fost afectate de inundaii i distrugeri. Fenomenele meteo extreme, caracte… [+2237 chars]",,2026-07-29 03:53:27+00:00,random,,,
0b976ee9869909f405298d1efe93a30f,2026-07-19T12:16:24Z,Precipitation,furtună,www.mediafax.ro,ro,0.9,Roter Sturmcode in drei Landkreisen in Siebenbürgen. Am Sonntag gab die ANM für Orte in drei Landkreisen in Siebenbürgen eine Sturmwarnung des Code-Rot-Typs heraus.,Cod roșu de furtună în trei județe din Transilvania,O avertizare Cod roșu de furtună a fost emisă de ANM duminică pentru localități din trei județe din Transilvania.,Red storm code in three counties in Transylvania. A Code Red storm warning was issued by ANM on Sunday for localities in three counties in Transylvania.,Codicem rubri tem- per tres comitatus in Transylvania. Codex Rubeus tempestas admonitionis ab ANM die Dominico pro locis in tribus comitatibus in Transylvania edita est.,https://www.mediafax.ro/social/cod-rosu-de-furtuna-in-trei-judete-din-transilvania-23774985,https://www.mediafax.ro/wp-content/uploads/2026/03/7960326-hepta_mediafax_foto-anadolu_agency_hepta-scaled.jpg,,"Potrivit ANM, sunt vizate localitile Baraolt, Brdu, Vârghi din judeul Covasna, Raco, Homorod, Caa, Augustin din judeul Braov i Vlhia, Lueta, Mrtini, Feliceni, Mereti, Ocland, Ulie din judeul Harghita… [+288 chars]",,2026-07-29 03:53:27+00:00,random,,,
892ef84d39a2da93b262f1e5c6ab67d9,2026-07-19T13:16:10Z,Thunderstorm,furtună,www.mediafax.ro,ro,0.9,Die Hauptstadt und der Kreis Ilfov unterliegen der Sturmwarnung Code Orange. Am Sonntagnachmittag gaben Meteorologen Code-Orange-Warnungen für die Stadt Bukarest und den Kreis Ilfov heraus.,"Capitala și județul Ilfov, sub avertizări Cod portocaliu de furtună",Meteorologii au emis duminică după-amiaza avertizări Cod portocaliu de furtună pentru municipiul București și pentru județul Ilfov.,"The capital and the county of Ilfov, under Code Orange storm warnings. On Sunday afternoon, meteorologists issued Code Orange warnings for the city of Bucharest and Ilfov county.","De capitali et comitatu Ilfov, sub Codice Arausicano tem- poribus. Die dominico post meridiem astrologi Codicem Aureum monuerunt ut urbem Bucharest et Ilfov commiserunt.",https://www.mediafax.ro/social/capitala-si-judetul-ilfov-sub-avertizari-cod-portocaliu-de-furtuna-23775007,https://www.mediafax.ro/wp-content/uploads/2025/10/8074874-mediafax_foto-alexandra_pandrea_gmn-1-scaled.jpg,,"În aceste zone sunt anunate averse toreniale care vor acumula 25-40 l/mp, frecvente descrcri electrice, intensificri ale vântului (rafale 7080 km/h), grindin de mici i medii dimensiuni (23 cm).
Aver… [+101 chars]",,2026-07-29 03:53:27+00:00,random,,,
6f10faa6e738ce0a892e477cb490bdfc,2026-07-19T13:39:36Z,Thunderstorm,furtună cu grindină,www.biziday.ro,ro,0.9,"Ilfov. Nowcasting Code Rote Sturmwarnung bis 17:30 Uhr. Der Wind wird stark wehen, mit Böen über 90 km/h. „Starker Wind, Böen über 90 km/h, sintflutartige Schauer (25...40 l/m2), kleiner und mittlerer Hagel (1...3 cm), häufige elektrische Entladungen“, informiert ANM.","Ilfov. Avertizare nowcasting Cod Roșu de furtună, până la ora 17:30. Vântul va bate puternic, cu rafale de peste 90 km/h.","”Vânt puternic, rafale de peste 90 km/h, averse torențiale (25…40 l/mp), grindină de mici și medii dimensiuni (1…3 cm) frecvente descărcări electrice”, informează ANM.","Ilfov. Nowcasting Code Red storm warning until 5:30 p.m. The wind will blow strongly, with gusts of more than 90 km/h.. ""Strong wind, gusts of more than 90 km/h, torrential showers (25...40 l/m2), small and medium-sized hail (1...3 cm), frequent electrical discharges"", informs ANM.","Ilfov. Nunc codex Red tempestas admonuit usque ad 5:30 a.m. Ventus vehementius flabit, cum procellis plus quam 90 km/h.. ""venti vehemens, procellae plus quam 90 km/h, imbres torrentes (25...40 l/m2), grandines parva et media amplitudo (1....3 cm), frequentes electricorum vomitus"" informat ANM.",https://www.biziday.ro/363698-2/,,,"Vânt puternic, rafale de peste 90 km/h, averse toreniale (25…40 l/mp), grindin de mici i medii dimensiuni (1…3 cm) frecvente descrcri electrice, informeaz ANM.
Echipa Biziday nu a solicitat i nu a a… [+216 chars]",,2026-07-29 03:53:27+00:00,random,,,
4972e78abfe3adcc9f160717dd5f25e2,2026-07-21T08:57:27Z,Precipitation,furtună,www.digi24.ro,ro,0.9,"Was ist „Sturmasthma“? Mediziner warnen vor einem Atemwegsphänomen, das vor dem Hintergrund des Klimawandels auftritt. Starker Husten, pfeifende Atmung, Engegefühl in der Brust und Kurzatmigkeit während eines Sommersturms können auf einen Asthmaanfall hinweisen. Ärzte aus Timisoara machen darauf aufmerksam, dass das Phänomen „Sturmasthma“ genannt wird und dass...",Ce este „astmul de furtună”. Medicii avertizează asupra unui fenomen respirator care apare pe fondul schimbărilor climatice,"Tusea puternică, respiraţia şuierătoare, senzaţia de apăsare în piept şi lipsa de aer, apărute în timpul unei furtuni de vară, pot indica instalarea unei crize de astm. Medicii din Timişoara atrag atenţia că fenomenul poartă numele de „astm de furtună” şi că …","What is ""Storm Asthma"". Doctors warn of a respiratory phenomenon that occurs against the background of climate change. A strong cough, wheezing, chest tightness and shortness of breath during a summer storm may indicate an asthma attack. Doctors from Timisoara draw attention to the fact that the phenomenon is called ""storm asthma"" and that...","Quid est ""Tempestas Asthma"". Medici monent phaenomenon respiratorii quod accidit in curriculo mutationis climatis. Fortis tussis, astrictio, pectoris emissiones et suspirium brevitas in tempestate aestivo asthma impetum demonstrare potest. Medici a Timisoara animum inducunt ad id quod phaenomenon ""asthma"" appellatur et id.",https://www.digi24.ro/stiri/actualitate/sanatate/ce-este-astmul-de-furtuna-medicii-avertizeaza-asupra-unui-fenomen-respirator-care-apare-pe-fondul-schimbarilor-climatice-3871643,https://s.iw.ro/gateway/g/ZmlsZVNvdXJjZT1odHRwJTNBJTJGJTJG/c3RvcmFnZTA4dHJhbnNjb2Rlci5yY3Mt/cmRzLnJvJTJGc3RvcmFnZSUyRjIwMjYl/MkYwNyUyRjIxJTJGMjg2MDk4NV8yODYw/OTg1X2ZldGl0YS1jdS1hc3RtLmpwZyZ3/PTEyMDAmaD02MzAmemM9MSZoYXNoPThm/MjM2MWU4ZWRmMjNiNTc3OTliNDVjMDMyMjVjYjJj.thumb.jpg,,"Tusea puternic, respiraia uiertoare, senzaia de apsare în piept i lipsa de aer, aprute în timpul unei furtuni de var, pot indica instalarea unei crize de astm. Medicii din Timioara atrag atenia c fen… [+3691 chars]",,2026-07-29 03:53:27+00:00,random,,,
56ef5867bc842300c8d6c65038ba0434,2026-07-22T05:02:22Z,Precipitation,furtună,www.mediafax.ro,ro,0.9,"Die Hauptstadt steht unter Code-Orange-Alarm. Vor schweren Gewittern, Stürmen und sintflutartigen Regenfällen wurde eine RO-Warnung ausgegeben. Einwohner von Bukarest erhielten am Mittwochmorgen eine RO-Alarmmeldung, die sie vor dem Auftreten schwerer Wetterphänomene warnte.","Capitala, sub alertă Cod portocaliu. A fost emis RO-Alert pentru furtună puternică, vijelii și ploi torențiale",Locuitorii din București au primit miercuri dimineață un mesaj RO-Alert prin care sunt avertizați cu privire la manifestarea unor fenomene meteo severe.,"The capital, under Code Orange alert. A RO-Alert has been issued for severe thunderstorms, gales and torrential rain. Residents of Bucharest received an RO-Alert message on Wednesday morning warning them about the occurrence of severe weather phenomena.","Capital, sub Codice Arausicano erectus. A RO-ereti edita est propter graves tonitribus, procellis et imbres torrentes. Incolae Bucharesti nuntium RO-erecti acceperunt die Mercurii mane eos de phaenomenis tempestatis gravibus eventum monentes.",https://www.mediafax.ro/meteo/capitala-sub-alerta-cod-portocaliu-a-fost-emis-ro-alert-pentru-furtuna-puternica-vijelii-si-ploi-torentiale-23776603,https://www.mediafax.ro/wp-content/uploads/2025/11/ploi.jpg,,"Potrivit mesajului transmis prin sistemul RO-Alert, este în vigoare o avertizare Cod portocaliu pentru intensificri ale vântului, descrcri electrice frecvente i averse toreniale, cantitile de ap urmâ… [+279 chars]",,2026-07-29 03:53:27+00:00,random,,,
eb2c82f72963448b60090b45040c5b69,2026-07-22T05:07:58Z,Precipitation,furtună,www.digi24.ro,ro,0.9,Sturmcode Orange in Bukarest. Nowcasting-Warnungen für mehrere Landkreise. Meteorologen haben für Bukarest eine Unwetterwarnung herausgegeben. Außerdem wurde eine RO-Alert-Nachricht gesendet. Auch für andere Landkreise wurden Gewitterwarnungen ausgegeben.,Cod portocaliu de furtună în București. Avertizări nowcasting pentru mai multe județe,Meteorologii au emis o avertizare nowcasting de furtună pentru București. A fost transmis și un mesaj RO-Alert. Avertizări de furtună au fost emise și pentru alte județe.,Storm code orange in Bucharest. Nowcasting warnings for several counties. Meteorologists have issued a nowcasting storm warning for Bucharest. A RO-Alert message was also sent. Thunderstorm warnings have also been issued for other counties.,Codicem Aureum Storm in Bucharest. Monitiones aliquot comitatuum. Meteorologistae nunciam tempestatem denuntiaverunt de Bucharest. Epistula A RO-erecti etiam missa est. Procellae admonitiones etiam in aliis comitatibus editae sunt.,https://www.digi24.ro/meteo/cod-portocaliu-de-furtuna-in-bucuresti-avertizari-nowcasting-pentru-mai-multe-judete-3872941,https://s.iw.ro/gateway/g/ZmlsZVNvdXJjZT1odHRwJTNBJTJGJTJG/c3RvcmFnZTA4dHJhbnNjb2Rlci5yY3Mt/cmRzLnJvJTJGc3RvcmFnZSUyRjIwMjIl/MkYwNiUyRjE0JTJGMTUyODAwOF8xNTI4/MDA4X2ZvdG8tZnVydHVuYS5qcGcmdz0x/MjAwJmg9NjMwJnpjPTEmaGFzaD04YjE0/ZjAwMjM3NDg3YmE4MDZkNWRlOTNmYzQyNzU5MQ==.thumb.jpg,,"Meteorologii au emis o avertizare nowcasting de furtun pentru Bucureti. A fost transmis i un mesaj RO-Alert. Avertizri de furtun au fost emise i pentru alte judee.
Potrivit ANM, în Capital se vor în… [+2017 chars]",,2026-07-29 03:53:27+00:00,random,,,
ac646741419eb71937609729ba6feb5c,2026-07-22T06:35:43Z,ice jam,inundații,www.digi24.ro,ro,0.9,"Meteorologen geben neue orangefarbene Sturmcodes bekannt. Gebiete, in denen es an einem Tag wie in einem Monat regnen wird. Heftige Stürme richteten im Land verheerende Schäden an. Wir sprechen von massiven Überschwemmungen, die große Schäden anrichten. Und Rumänien kann sich extremen Phänomenen nicht entziehen. Weitere Code-Orange-Warnungen treten heute in Kraft. In mehreren Landkreisen wird es 10 Stunden lang extreme Phänomene geben. Darüber hinaus ist das Temperament…",Meteorologii anunță noi coduri portocalii de furtună. Zonele în care va ploua într-o zi cât într-o lună,"Furtunile violente au făcut prăpăd în țară. Vorbim de inundații masive, soldate cu mari pagube. Iar România nu scapă de fenomenele extreme. Azi intră în vigoare alte alerte cod portocaliu. Vor fi 10 ore de fenomene extreme în mai multe județe. În plus, temper…","Meteorologists announce new orange storm codes. Areas where it will rain in a day as in a month. Violent storms wreaked havoc in the country. We are talking about massive floods, resulting in great damage. And Romania does not escape extreme phenomena. More code orange alerts go into effect today. There will be 10 hours of extreme phenomena in several counties. In addition, temper…","Meteorologistae novas aurantiacae tempestatis codicibus nuntiant. Areas ubi pluet in die ut in mense. Vehementes tempestates in agris vastaverunt. Loquimur de inundationibus ingentibus, ex magna pernicie. Et Romania phaenomena extrema non effugit. Plures codices in summis aureis hodie in effectum procedunt. X horas phaenomena extremae in pluribus comitatibus erunt. Praeterea ingenium…",https://www.digi24.ro/meteo/meteorologii-anunta-noi-coduri-portocalii-de-furtuna-zonele-in-care-va-ploua-intr-o-zi-cat-intr-o-luna-3873023,https://s.iw.ro/gateway/g/ZmlsZVNvdXJjZT1odHRwJTNBJTJGJTJG/c3RvcmFnZTA4dHJhbnNjb2Rlci5yY3Mt/cmRzLnJvJTJGc3RvcmFnZSUyRjIwMjYl/MkYwNSUyRjEyJTJGMjcyNjIwM18yNzI2/MjAzX3Bsb2FpZS1pbi1idWN1cmVzdGku/anBnJnc9MTIwMCZoPTYzMCZ6Yz0xJmhh/c2g9ZTlhZDFiOWQ1ZmJjNWNkNTJjZWUxYWYwMTEwMmIyYTg=.thumb.jpg,,"Furtunile violente au fcut prpd în ar. Vorbim de inundaii masive, soldate cu mari pagube. Iar România nu scap de fenomenele extreme. Azi intr în vigoare alte alerte cod portocaliu. Vor fi 10 ore de f… [+2528 chars]",,2026-07-29 03:53:27+00:00,random,,,
1144272bd48f22432a12973c8b443f33,2026-07-22T07:48:07Z,Storm,furtuna,www.biziday.ro,ro,0.9,"Tulcea Code Roter Sturm mit Böen von bis zu 90 km/h, beginnend heute Abend (18 Uhr) bis morgen früh. Meteorologen rechnen außerdem mit massiven Niederschlagsmengen von 90-110 l/m2, vereinzelt über 120 l/m2. Die Warnung gilt derzeit nur für den Landkreis Tulcea, der bereits unter Code Orange steht. Ab 18 Uhr verstärkt sich der Sturm mit besonders ausgeprägter atmosphärischer Instabilität, sintflutartigen und heftigen Schauern, elektrischen Entladungen, Windverstärkungen...","Tulcea. Cod Roșu de furtună, cu vijelii de până la 90 km/h, începând din această seară (ora 18) și până mâine dimineață. Meteorologii anticipează și căderi masive de precipitații, de 90-110 l/mp, izolat de peste 120 l/mp.","Avertizarea vizează doar județul Tulcea, care este deja sub Cod Portocaliu, la această oră. De la ora 18, furtuna se intensifică, cu instabilitate atmosferică deosebit de accentuată, averse torențiale și abundente, descărcări electrice, intensificări ale vânt…","Tulcea Code Red storm, with gusts up to 90km/h, starting tonight (6pm) until tomorrow morning. Meteorologists also anticipate massive falls of precipitation, of 90-110 l/m2, isolated over 120 l/m2. The warning only applies to Tulcea county, which is already under Code Orange, at this time. From 6 p.m., the storm intensifies, with particularly pronounced atmospheric instability, torrential and heavy showers, electrical discharges, wind intensifications...","Tulcea Code Red tempestas cum procellis usque ad 90km/h, incipiendo hac nocte (6pm) usque mane cras. Meteorologistae etiam ingentes casus praecipitationis anticipant, 90-110 l/m2, supra 120 l/m2. Monitio solum pertinet ad comitatum Tulcea, qui iam est sub Codice Aureo, hoc tempore. Tempestas ex VI a.m. auget, cum instabilitate atmosphaerica praecipue pronuntiata, imbres torrentes et graves, vomitus electrica, intensiones venti.",https://www.biziday.ro/363865-2/,https://cdn.biziday.ro/wp-content/uploads/2026/07/tulcea.png,,"Avertizarea vizeaz doar judeul Tulcea, care este deja sub Cod Portocaliu, la aceast or. De la ora 18, furtuna se intensific, cu instabilitate atmosferic deosebit de accentuat, averse toreniale i abun… [+439 chars]",,2026-07-29 03:53:27+00:00,random,,,
9eb3e49a6c38e55bb7c06b6aea2fa176,2026-07-19T08:28:16Z,Thunderstorm,grindină,www.biziday.ro,ro,0.9,"Code Gelb und Code Orange für Regen und Stürme am Sonntag in mehr als der Hälfte des Landes. Gleichzeitig gilt im Süden von Oltenien sowie im Süden, in der Mitte und im Osten von Muntenien und im Südwesten von Dobrogea ein gelber Code für Hitzewellen. Große Teile des Landes unterliegen am Sonntag den Codes Gelb und Code Orange, die vor starken Stürmen und Hagel warnen. Meteorologen haben mehrere Warnungen herausgegeben, die von heute bis Montagabend gelten. Gleichzeitig wird in mehreren Regionen eine Hitzewelle angekündigt. CODE…","Cod Galben și Cod Portocaliu de ploi și vijelii, duminică, în mai mult de jumătate de țară. În același timp, este Cod Galben de caniculă în sudul Olteniei și în sudul, centrul și estul Munteniei și sud-vestul Dobrogei.","Mare parte din țară este sub atenționare Cod Galben și Cod Portocaliu de furtuni puternice și grindină, duminică. Meteorologii au emis mai multe alerte, în vigoare de astăzi și până luni seară. În același timp, este anunțată caniculă în mai multe regiuni. COD…","Code Yellow and Code Orange for rain and storms on Sunday in more than half of the country. At the same time, there is a Yellow Code for heatwave in the south of Oltenia and in the south, center and east of Muntenia and south-west of Dobrogea.. Much of the country is under a Code Yellow and Code Orange warning of strong storms and hail on Sunday. Meteorologists have issued several alerts, in effect from today until Monday evening. At the same time, heatwave is announced in several regions. CODE…","Codex Flavus et Codex Arausici pro pluviis et procellis in dominica plusquam dimidium reipublicae. Eodem tempore in australi Oltenia et in australi parte ad meridiem, et ad orientem Muntenia et ad meridiem-occidentalem Dobrogea est. Meteorologistae varia summis montibus in effectu ab hodierno usque ad Lunae vesperum ediderunt. Eodem tempore pluribus regionibus heatwave nuntiatur. CODEX…",https://www.biziday.ro/363672-2/,https://cdn.biziday.ro/wp-content/uploads/2026/07/WhatsApp-Image-2026-07-19-at-11.23.32.jpeg,,"Mare parte din ar este sub atenionare Cod Galben i Cod Portocaliu de furtuni puternice i grindin, duminic. Meteorologii au emis mai multe alerte, în vigoare de astzi i pân luni sear. În acelai timp, … [+4261 chars]",,2026-07-29 16:53:19+00:00,random,,,
72fc1d2b056f5e2e162dd715de6087ce,2026-07-19T13:11:12Z,Thunderstorm,grindină,www.biziday.ro,ro,0.9,"Bukarest. Now Casting Code Orange-Warnung bis 17:00 Uhr. Es wird Gewitter und Hagel geben, sintflutartige Regenfälle, die sich auf über 25-40 l/m² ansammeln, und elektrische Entladungen. „Sturzflutartige Schauer, die sich auf 25...40 l/m² ansammeln, häufige elektrische Entladungen, Windverstärkungen (Böen 70...80 km/h), kleiner und mittlerer Hagel (2...3 cm)“, informiert ANM.","București. Avertizare Now Casting Cod Portocaliu până la ora 17. Se vor înregistra vijelie şi grindină, ploi torențiale care vor acumula peste 25-40 l/mp și descărcări electrice.","”Averse torențiale care vor acumula 25…40 l/mp, frecvente descărcări electrice, intensificări ale vântului (rafale 70…80 km/h), grindină de mici și medii dimensiuni (2…3 cm)”, informează ANM.","Bucharest. Now Casting Code Orange warning until 5 p.m. There will be thunderstorms and hail, torrential rains that will accumulate over 25-40 l/sq m and electrical discharges.. ""torrential showers that will accumulate 25...40 l/sq m, frequent electrical discharges, wind intensifications (gusts 70...80 km/h), small and medium-sized hail (2...3 cm)"", informs ANM.","Bucharest. Nunc mittendo Codex Orange observavit usque ad 5 a.m. Tonitruales et grandines erunt, imbres torrentes qui super 25-40 l/sq m et electricum vomitum coacervabunt.. ""Imbrium torrentium qui cumulabunt 25...40 l/sq m, frequentes emissiones electricas, intensiones venti (venti 70....80 km/h), grandines parvae et mediocres (2...3 cm)"", informat ANM.",https://www.biziday.ro/363692-2/,,,"Averse toreniale care vor acumula 25…40 l/mp, frecvente descrcri electrice, intensificri ale vântului (rafale 70…80 km/h), grindin de mici i medii dimensiuni (2…3 cm), informeaz ANM.
Echipa Biziday … [+239 chars]",,2026-07-29 16:53:19+00:00,random,,,
dd620a7fd4d2bae26604538fc8496c4a,2026-07-20T05:23:18Z,Thunderstorm,grindină,www.realitatea.net,ro,0.9,"Rumänien wird von einem brutalen Wetterumschwung heimgesucht: von 37 Grad bis hin zu heftigen Stürmen, Hagel und Böen von über 80 km/h. In Rumänien gibt es Hitze und tropische Nächte, aber auch heftige Stürme, Schneestürme und sintflutartige Regenfälle. Die National Meteorological Administration hat für mehrere Regionen des Landes vier Yellow-Code-Warnungen herausgegeben, die in unterschiedlichen Abständen gültig sind.","România, lovită de o schimbare brutală a vremii: de la 37 de grade la furtuni violente, grindină și vijelii de peste 80 km/h","România trece de la caniculă și nopți tropicale la furtuni puternice, vijelii și ploi torențiale. Administrația Națională de Meteorologie a emis patru atenționări Cod galben, valabile în intervale diferite, pentru mai multe regiuni ale țării.","Romania, hit by a brutal change in weather: from 37 degrees to violent storms, hail and gusts of over 80 km/h. Romania goes from heat and tropical nights to strong storms, blizzards and torrential rains. The National Meteorological Administration has issued four Yellow Code warnings, valid in different intervals, for several regions of the country.","Romania, immani mutatione tempestatum ictus: ab 37 gradibus ad procellas violentas, grandines et procellis plusquam 80 km/h. Romania ab aestu et noctes tropicae ad validas tempestates, blizzardas et imbres torrentes it. Administratio Meteorologica Nationalis quattuor monita Flavi Codicis edidit, valida in diversis intervallis, per plures regiones regionis.",https://www.realitatea.net/stiri/actualitate/romania-lovita-de-o-schimbare-brutala-a-vremii-de-la-37-de-grade-la-furtuni-violente-grindina-si-vijelii-de-peste-80-kmh-ag6s4q,https://www.realitatea.net/storage/media/7/2026/06/furtuna-AOfbV2.webp,,"România trece de la canicul i nopi tropicale la furtuni puternice, vijelii i ploi toreniale. Administraia Naional de Meteorologie a emis patru atenionri Cod galben, valabile în intervale diferite, pe… [+9327 chars]",,2026-07-29 16:53:19+00:00,random,,,
1df4410d98fa659ed2f546d8b36c94e4,2026-07-24T13:21:29Z,Thunderstorm,grindină,www.realitatea.net,ro,0.9,"Ro-Alarm in Bukarest. Code Orange für Gewitter, Starkregen und Hagel. Die Behörden warnen die Menschen davor, ihre Häuser zu verlassen. Die Einwohner von Bukarest erhielten am Freitagnachmittag eine Ro-Alert-Nachricht, nachdem Meteorologen eine Unwetterwarnung mit dem Code Orange herausgegeben hatten. Das Wetter verschlechterte sich erheblich, über der Hauptstadt fielen sintflutartige Regenfälle, begleitet von elektrischen Entladungen und Böen ...","Ro-Alert în București. Cod portocaliu de furtuni, ploi torențiale și grindină. Autoritățile îi avertizează pe oameni să nu iasă din case","Bucureștenii au primit vineri după-amiază un mesaj Ro-Alert, după ce meteorologii au emis o avertizare Cod portocaliu de vreme severă. Vremea s-a înrăutățit considerabil, deasupra Capitalei s-au abătut ploi torențiale, însoțite de descărcări electrice și rafa…","Ro-Alert in Bucharest. Code Orange for thunderstorms, torrential rain and hail. Authorities are warning people not to leave their homes. Bucharest residents received a Ro-Alert message on Friday afternoon, after meteorologists issued a Code Orange severe weather warning. The weather worsened considerably, torrential rains fell over the Capital, accompanied by electrical discharges and gusts...","Ro-Alert in Bucharest. Orange pro tonitribus, imbres torrentes et grando. Auctoritates monent homines ne domos suas deserant. Bucharest incolas nuntium Ro-Alert post meridiem Veneris accepit, postquam astrologi Codicem Aureum gravem tempestatem denuntiaverunt. Tempestas aliquantum ingravescebat, imbres torrentes in Capital deciderunt, cum emissiones electricas et procellis...",https://www.realitatea.net/stiri/actualitate/ro-alert-in-bucuresti-cod-portocaliu-de-furtuni-ploi-torentiale-si-grindina-autoritatile-ii-avertizeaza-pe-oameni-sa-nu-iasa-din-case-8m2ytq,https://www.realitatea.net/storage/media/7/2026/07/furtuna-bucuresti-mWmlKO.webp,,"Bucuretenii au primit vineri dup-amiaz un mesaj Ro-Alert, dup ce meteorologii au emis o avertizare Cod portocaliu de vreme sever. Vremea s-a înrutit considerabil, deasupra Capitalei s-au abtut ploi t… [+1085 chars]",,2026-07-29 16:53:19+00:00,random,,,
4a4d4dce717927167c246518fbbfc740,2026-07-25T05:22:06Z,Thunderstorm,grindină,www.realitatea.net,ro,0.9,"Wie wird das Wetter heute sein? Höchstwerte von 34 Grad, Hagelstürme und sintflutartige Regenfälle in mehreren Regionen. Wettervorhersage für den 25. Juli 2026. Die Temperaturen steigen auf 34 Grad, am Nachmittag werden in vielen Teilen des Landes sintflutartige Regenfälle, Blitze und Hagel erwartet.","Cum va fi vremea azi. Maxime de 34 de grade, furtuni cu grindină și ploi torențiale în mai multe regiuni","Prognoza meteo pentru 25 iulie 2026. Temperaturile urcă până la 34 de grade, iar după-amiaza sunt așteptate ploi torențiale, descărcări electrice și grindină în numeroase zone ale țării.","What will the weather be like today? Highs of 34 degrees, hail storms and torrential rain in several regions. Weather forecast for July 25, 2026. Temperatures rise to 34 degrees, and in the afternoon torrential rain, lightning and hail are expected in many parts of the country.","Quid hodie tempestas erit? Alta 34 gradus, grandines tempestates et imbres torrentes in compluribus regionibus. Tempestas praenuntietur pro die 25 mensis Iulii anno 2026. Temperaturae ad 34 gradus oriuntur, et post meridiem pluviae torrentiae, fulgur et grando in multis regionibus exspectantur.",https://www.realitatea.net/stiri/actualitate/cum-va-fi-vremea-azi-maxime-de-34-de-grade-furtuni-cu-grindina-si-ploi-torentiale-in-mai-multe-regiuni-nae3sk,https://www.realitatea.net/storage/media/7/2026/07/canicula-si-furtuni-SnmZIs.webp,,"Prognoza meteo pentru 25 iulie 2026. Temperaturile urc pân la 34 de grade, iar dup-amiaza sunt ateptate ploi toreniale, descrcri electrice i grindin în numeroase zone ale rii.Vremea se înclzete uor î… [+3309 chars]",,2026-07-29 16:53:19+00:00,random,,,
64c1fdcc08e02ef8ba4c17d2cbcdb4e1,2026-07-10T05:47:20Z,Fog,ceață regiune bryansk,www.digi24.ro,ro,0.3,"Weltmeisterschaft 2026. Israel könnte die Weltmeisterschaft zugunsten Argentiniens manipuliert haben, behaupten Internet-Verschwörungstheoretiker jetzt. Nach dem dramatischen 3:2-Sieg Argentiniens über Ägypten, der nach einem spektakulären Comeback der Argentinier erreicht wurde, verbreiteten Social-Media-Nutzer falsche Behauptungen über den israelischen Außenminister Gideon Sa'ar, eine Flagge…","CM 2026. Israelul ar fi aranjat Cupa Mondială în favoarea Argentinei, susțin acum adepții teoriilor conspirației de pe internet","După victoria dramatică a Argentinei cu 3-2 asupra Egiptului, obținută în urma unei reveniri spectaculoase a argentinienilor, utilizatorii rețelelor sociale au răspândit afirmații false care îl implică pe ministrul israelian de Externe Gideon Sa’ar, un steag …","World Cup 2026. Israel may have rigged the World Cup in favor of Argentina, internet conspiracy theorists now claim. After Argentina's dramatic 3-2 victory over Egypt, achieved after a spectacular comeback by the Argentines, social media users spread false claims involving Israeli Foreign Minister Gideon Sa'ar, a flag…","Trophaeum Mundi 2026. Israel potest armari in gratiam Argentinae, coniurationis interrete assertores nunc affirmant. Post victoriam dramaticam Argentinae 3-2 de Aegypto, post spectaculi regressionem ab Argentinis consecuta, instrumentorum socialium utentium falsae affirmationes disseminatae sunt, Gedeon Sa'ar minister Israelis Externorum, vexillum ...",https://www.digi24.ro/campionatul-mondal-de-fotbal-2026/cm-2026-israelul-ar-fi-aranjat-cupa-mondiala-in-favoarea-argentinei-sustin-acum-adeptii-teoriilor-conspiratiei-de-pe-internet-3856261,https://s.iw.ro/gateway/g/ZmlsZVNvdXJjZT1odHRwJTNBJTJGJTJG/c3RvcmFnZTA4dHJhbnNjb2Rlci5yY3Mt/cmRzLnJvJTJGc3RvcmFnZSUyRjIwMjYl/MkYwNyUyRjEwJTJGMjg0MTcwMl8yODQx/NzAyX1NlY3ZlbnRhLWRpbi10aW1wdWwt/bWVjaXVsdWktQXJnZW50bmEtRWdpcHQt/ZGUtbGEtQ3VwYS1Nb25kaWFsYV8tRm90/by1Qcm9maW1lZGlhLmpwZyZ3PTEyMDAm/aD02MzAmemM9MSZoYXNoPTUwZjAzYTQxNTE5NmNkOTJhNDgxOGJlYzY2ZDdhNGYx.thumb.jpg,,"Dup victoria dramatic a Argentinei cu 3-2 asupra Egiptului, obinut în urma unei reveniri spectaculoase a argentinienilor, utilizatorii reelelor sociale au rspândit afirmaii false care îl implic pe mi… [+4009 chars]",,2026-07-29 21:29:52+00:00,wmo,Russia,ESB,Europe
ac96cd2d9bad1700d7d6039325a86b0f,2026-07-30T07:59:17Z,Heat Wave,caniculă arad bihor timiș,www.digi24.ro,ro,0.9,"KARTE Die Hitzewelle breitet sich in Rumänien aus. ANM hat neue Hitzewellenwarnungen herausgegeben: Die Temperaturen werden 40 °C erreichen. Die Nationale Meteorologische Verwaltung hat neue Hitzewellenwarnungen herausgegeben, darunter einen orangefarbenen Code, der von Freitag, dem 31. Juli, um 10:00 Uhr, bis Samstag, dem 1. August, zur gleichen Zeit in den Kreisen Bihor, Arad und Timiș gültig ist, wo Höchstwerte von etwa...",HARTĂ Valul de căldură se extinde în România. ANM a emis noi alerte de caniculă: temperaturile vor ajunge la 40°C,"Administrația Națională de Meteorologie a emis noi avertizări de caniculă, între care un Cod portocaliu valabil de vineri, 31 iulie, ora 10:00, până sâmbătă, 1 august, la aceeași oră, în județele Bihor, Arad și Timiș, unde sunt prognozate maxime de aproximati…","MAP The heat wave is expanding in Romania. ANM has issued new heatwave alerts: temperatures will reach 40°C. The National Meteorological Administration has issued new heatwave warnings, including an orange Code valid from Friday, July 31, at 10:00 a.m., until Saturday, August 1, at the same time, in the counties of Bihor, Arad and Timiș, where maximums of approximately...","MAP Fluctus aestus in Romania dilatatur. ANM novas summis ardoribus intulit: temperaturas 40°C attinget. Nationalis Meteorologica Administrationis monita novas heatwave edixit, incluso Codice aureo valido a die Veneris, die 31 mensis Iulii, hora 10:00 a.m., usque ad diem Sabbati, I mensis Augusti, simul in comitatibus Bihor, Arad et Timiș, ubi maximam partem proxime...",https://www.digi24.ro/meteo/harta-valul-de-caldura-se-extinde-in-romania-anm-a-emis-noi-alerte-de-canicula-temperaturile-vor-ajunge-la-40c-3885219,https://s.iw.ro/gateway/g/ZmlsZVNvdXJjZT1odHRwJTNBJTJGJTJG/c3RvcmFnZTA4dHJhbnNjb2Rlci5yY3Mt/cmRzLnJvJTJGc3RvcmFnZSUyRjIwMjYl/MkYwNiUyRjI3JTJGMjgwOTU5N18yODA5/NTk3X1NjcmVlbnNob3QtMjAyNi0wNi0y/Ny0xMjU1MTcucG5nJnc9MTIwMCZoPTYz/MCZ6Yz0xJmhhc2g9ODQxY2NkNjY4YTZhMmZkOTRiNmI1MDQ4NGMxNzUxMGU=.thumb.jpg,,"Administraia Naional de Meteorologie a emis noi avertizri de canicul, între care un Cod portocaliu valabil de vineri, 31 iulie, ora 10:00, pân sâmbt, 1 august, la aceeai or, în judeele Bihor, Arad i … [+4682 chars]",,2026-07-31 17:08:23+00:00,wmo,Romania,WCE,Europe
74204685f0874457fda1770b41b32cb8,2026-07-28T04:23:32Z,Heat Wave,cea mai tare zi,www.realitatea.net,ro,0.8,"Macron zu den Bränden in Frankreich: „Es ist die schwierigste Situation seit dem Zweiten Weltkrieg.“ Der französische Präsident Emmanuel Macron sagte, die Waldbrände in der Gironde-Region seien die schlimmste Situation, mit der Frankreich seit dem Zweiten Weltkrieg konfrontiert sei. Mehr als 60.000 Hektar wurden von den Flammen vernichtet, und die Behörden...","Macron, despre incendiile din Franța: „Este cea mai dificilă situație de după Al Doilea Război Mondial”","Președintele francez Emmanuel Macron a declarat că incendiile de vegetație din regiunea Gironde reprezintă cea mai gravă situație cu care s-a confruntat Franța de la Al Doilea Război Mondial. Peste 60.000 de hectare au fost mistuite de flăcări, iar autorități…","Macron, on the fires in France: ""It is the most difficult situation since the Second World War."" French President Emmanuel Macron said the wildfires in the Gironde region represent the worst situation France has faced since World War II. More than 60,000 hectares were consumed by flames, and the authorities...","Macron in Gallia incendiis: ""Difficillimus res est post alterum bellum mundanum"". Praeses Franco Emmanuel Macron dixit incendia ignium in regione Gironde repraesentare condicionem pessimam Franciae ab altero bello mundano obversam esse. Plusquam 60,000 hectares flammis absumpti sunt, et auctoritates.",https://www.realitatea.net/stiri/actualitate/macron-despre-incendiile-din-franta-este-cea-mai-dificila-situatie-de-dupa-al-doilea-razboi-mondial-sc3do7,https://www.realitatea.net/storage/media/7/2026/07/incendii-franta-hmQBDC.webp,,Preedintele francez Emmanuel Macron a declarat c incendiile de vegetaie din regiunea Gironde reprezint cea mai grav situaie cu care s-a confruntat Frana de la Al Doilea Rzboi Mondial. Peste 60.000 de… [+1464 chars],,2026-08-01 16:33:14+00:00,random,,,
ca9b61d2ccb08025cdd7ea3f389251af,2026-07-30T08:18:02Z,Wildfire,incendiu de vegetație,www.realitatea.net,ro,0.8,"Waldbrand in England in der Nähe des Kernkraftwerks Sizewell B: Anwohner evakuiert und mehr als 90 Feuerwehrleute mobilisiert. Ein massiver Busch- und Waldbrand hat zur Evakuierung mehrerer Häuser und Wohnwagen in der Grafschaft Suffolk im Osten Englands geführt. Die britischen Behörden erklärten einen schweren Zwischenfall und mobilisierten über 90 Feuerwehrleute, versichern aber, dass das Atomkraftwerk...","Incendiu de vegetație în Anglia, lângă centrala nucleară Sizewell B: locuitori evacuați și peste 90 de pompieri mobilizați","Un incendiu puternic de vegetație și pădure a dus la evacuarea mai multor locuințe și rulote din comitatul Suffolk, în estul Angliei. Autoritățile britanice au declarat incident major și au mobilizat peste 90 de pompieri, însă dau asigurări că centrala nuclea…","Wildfire in England near the Sizewell B nuclear power plant: residents evacuated and more than 90 firefighters mobilized. A massive brush and forest fire has led to the evacuation of several homes and caravans in the county of Suffolk in eastern England. The British authorities declared a major incident and mobilized over 90 firefighters, but they assure that the nuclear power plant...","INCAENDIUM in Anglia prope Sizewell B plantae potentiae nuclearis: incolas cedentes et plus quam 90 pugnatores convenerunt. Ignis ingens penicillo et silva ad euacuationem plurium domorum et caravanarum in comitatu Suffolciae in Anglia orientali. Auctoritates Britanniae maiorem incidentes declaraverunt et super 90 fire pugnatores convocaverunt, sed potestatem nuclearem plantae confirmant.",https://www.realitatea.net/stiri/actualitate/incendiu-de-vegetatie-in-anglia-langa-centrala-nucleara-sizewell-b-locuitori-evacuati-si-peste-90-de-pompieri-mobilizati-z0pohz,https://www.realitatea.net/storage/media/7/2026/07/centrala-nucleara-anglia-gOKFv0.webp,,"Un incendiu puternic de vegetaie i pdure a dus la evacuarea mai multor locuine i rulote din comitatul Suffolk, în estul Angliei. Autoritile britanice au declarat incident major i au mobilizat peste 9… [+1985 chars]",,2026-08-01 16:33:14+00:00,random,,,
833acc144e1aceb6b246f52200f791b3,2026-07-23T10:20:02Z,Wildfire,incendiu de vegetație,www.mediafax.ro,ro,0.9,"Wegen eines Waldbrandes im Südwesten Frankreichs wurden mehr als 10.000 Menschen evakuiert. Mehr als 10.000 Menschen, darunter viele Touristen, wurden über Nacht im Südwesten Frankreichs evakuiert, als in der Nähe der Küstenstadt Lège Cap-Ferret ein Waldbrand wütete.",Peste 10.000 de persoane au fost evacuate din cauza unui incendiu de vegetație din sud-vestul Franței,"Peste 10.000 de persoane, printre care numeroși turiști, au fost evacuate peste noapte în sud-vestul Franței, din cauza unui incendiu de vegetație scăpat de sub control lângă localitatea de coastă Lège Cap-Ferret.","More than 10,000 people have been evacuated due to a wildfire in southwestern France. More than 10,000 people, including many tourists, were evacuated overnight in southwestern France as a wildfire raged near the coastal town of Lège Cap-Ferret.","Plus quam decem milia hominum ex igne in Gallia meridiana exstincti sunt. Plus quam 10,000 hominum, in quibus multi peregrinatores in Gallia meridionali in Gallia meridionali excesserant, incendium incendium prope oppidum maritimum Lege Cap-Ferret saeviit.",https://www.mediafax.ro/stirile-zilei/peste-10-000-de-persoane-au-fost-evacuate-din-cauza-unui-incendiu-de-vegetatie-din-sud-vestul-frantei-23777428,https://www.mediafax.ro/wp-content/uploads/2026/07/8142213-mediafax_foto-dpa_hepta-scaled.jpg,,"Un incendiu de vegetaie izbucnit în apropierea localitii de coast Lège-Cap-Ferret, o destinaie turistic situat pe litoralul atlantic al Franei, a determinat evacuarea a peste 10.000 de persoane în cu… [+954 chars]",,2026-08-01 16:33:14+00:00,random,,,
414f9f06b26794cfa2519528bd195137,2026-07-28T18:45:40Z,Snow&Ice,ger,www.biziday.ro,ro,0.9,"Die katastrophalen Brände in Frankreich wurden durch ein seltenes Phänomen namens „Feuerblitz“ verstärkt. Es entsteht, wenn die freigesetzten Rauchwolken so groß sind, dass sie selbst (aufgrund der Reibung mit der Luft) elektrische Entladungen erzeugen, die andere bewachsene Oberflächen entzünden. Emmanuel Macron erklärt, dass die diesjährigen Vegetationsbrände die größten der letzten 70 Jahre seien. Die Brände in der Region Gironde im Südwesten Frankreichs an der Atlantikküste sind aufgrund eines seltenen Phänomens, des sogenannten „Feuerblitzes“, äußerst schwer zu kontrollieren. Dies geschieht, wenn ein Feuer so stark wird, dass die Hitze …","Incendiile catastrofale din Franța au fost amplificate de un fenomen rar, numit “fulgere de foc”. Apare atunci când norii de fum degajați sunt atât de mari încât produc ei înșiși (în urma frecării cu aerul) descărcări electrice, care aprind alte suprafețe cu vegetație. Emmanuel Macron declară că incendiile de vegetație de anul acesta sunt cele mai ample din ultimii 70 de ani.","Incendiile din regiunea Gironde, situată în sud-vestul Franței, pe coasta Oceanului Atlantic, au devenit extrem de greu de controlat din cauza unui fenomen rar, numit “fulger de foc”. Acesta apare atunci când un incendiu devine atât de intens încât căldura ri…","The catastrophic fires in France were amplified by a rare phenomenon called ""fire lightning"". It occurs when the released smoke clouds are so large that they themselves produce (due to friction with the air) electrical discharges, which ignite other vegetated surfaces. Emmanuel Macron declares that this year's vegetation fires are the most extensive in the last 70 years.. The fires in the Gironde region, located in the southwest of France, on the coast of the Atlantic Ocean, have become extremely difficult to control due to a rare phenomenon, called ""fire lightning"". This occurs when a fire becomes so intense that the heat ri…","Ignes calamitosi in Gallia ampliati sunt per phaenomenon rarum, quod ""fulmen ignis"" appellatur. Occurrit cum fumo emissi nubes tam magnae sunt ut ipsae (ob frictionem aerem) electricam emissionem efficiant, quae alias superficies uegetatas accendat. Emmanuel Macron declarat huius anni vegetationis incendia latissimum esse in ultimis 70 annis. Ignes in regione Gironde, in Galliae meridionali oram, Oceani Atlantici oram, difficiliores facti sunt ob phaenomenon rarissimum, quod ""ignis fulgur dicitur"". Hoc fit cum ignis fit tam intensus ut calor ri…",https://www.biziday.ro/364521-2/,https://cdn.biziday.ro/wp-content/uploads/2026/07/ggi-2.png,,"Incendiile din regiunea Gironde, situat în sud-vestul Franei, pe coasta Oceanului Atlantic, au devenit extrem de greu de controlat din cauza unui fenomen rar, numit fulger de foc. Acesta apare atunci… [+1799 chars]",,2026-08-01 16:33:14+00:00,random,,,
47e26cfa6cfbbd12c50c4b7edf0bbf65,2026-07-29T07:13:01Z,Wildfire,incendiu de vegetație,www.realitatea.net,ro,0.9,"Flächenbrand auf einer der beliebtesten Inseln Griechenlands. Mehrere Gebiete wurden vorsorglich evakuiert. VIDEO. Mehrere Städte auf der Insel Paros, einem der beliebtesten Touristenziele Griechenlands, wurden nach dem Ausbruch eines Waldbrandes vorsorglich evakuiert. Die Behörden gaben über das Notrufsystem 112 Alarm, und Dutzende Feuerwehrleute griffen ein ...","Incendiu de vegetație pe una dintre cele mai populare insule din Grecia. Mai multe zone, evacuate preventiv VIDEO","Mai multe localități de pe insula Paros, una dintre cele mai populare destinații turistice din Grecia, au fost evacuate preventiv după izbucnirea unui incendiu de vegetație. Autoritățile au emis alerte prin sistemul de urgență 112, iar zeci de pompieri interv…","Wildfire on one of Greece's most popular islands. Several areas, evacuated as a precaution VIDEO. Several towns on the island of Paros, one of the most popular tourist destinations in Greece, were evacuated as a precaution after a wildfire broke out. The authorities issued alerts through the 112 emergency system, and dozens of firefighters intervened...","INCAENDIUM in una insularum celeberrimarum Graeciae. Pluribus locis ad cautelam cessisse VIDEO. Parium insulae complura oppida, unum e celeberrimis urbis Graeciae locis, post incendium incendium exarsisse ad cautelam evaserunt. Auctoritates editae sunt in summis 112 systematis subitis, et justo ignium pugnatorum intervenerunt...",https://www.realitatea.net/stiri/actualitate/incendiu-de-vegetatie-pe-una-dintre-cele-mai-populare-insule-turistice-din-grecia-mai-multe-zone-evacuate-preventiv-video-xf4dkn,https://www.realitatea.net/storage/media/7/2026/07/incendiu-insula-grecia-facebook-forecast-weather-greece-9JLMQE.webp,,"Mai multe localiti de pe insula Paros, una dintre cele mai populare destinaii turistice din Grecia, au fost evacuate preventiv dup izbucnirea unui incendiu de vegetaie. Autoritile au emis alerte prin… [+1329 chars]",,2026-08-01 16:33:14+00:00,random,,,
c92ce19424b1a0415badfe9317d983b6,2026-07-30T07:40:48Z,Wildfire,incendiu de vegetație,www.realitatea.net,ro,0.9,"Großbrand im Westen Spaniens, nahe der Grenze zu Portugal: 12 Dörfer evakuiert. Die spanischen Behörden ordneten am Mittwochabend die Evakuierung von zwölf Dörfern in der Provinz Zamora an, nachdem nahe der Grenze zu Portugal ein gewaltiger Waldbrand ausgebrochen war. Die Lage gilt als besonders ernst, und Ministerpräsident Pedro Sánc...","Incendiu major în vestul Spaniei, aproape de granița cu Portugalia: 12 sate evacuate","Autoritățile spaniole au ordonat miercuri seară evacuarea a 12 sate din provincia Zamora, după izbucnirea unui incendiu de vegetație de proporții în apropierea frontierei cu Portugalia. Situația este considerată una deosebit de gravă, iar premierul Pedro Sánc…","Major fire in western Spain, near the border with Portugal: 12 villages evacuated. Spanish authorities ordered the evacuation of 12 villages in the province of Zamora on Wednesday evening after a massive wildfire broke out near the border with Portugal. The situation is considered particularly serious, and Prime Minister Pedro Sánc...","Maior ignis in Hispania occidentali est, vicinum Lusitaniae confinium: XII villas excessere. Auctoritates Hispaniae XII villas in provincia Zamora die Mercurii vesperi evacuari iussit postquam ingens incendium incendium prope fines Portugalliae erupit. Gravissima condicio spectatur, ac Primus Minister Pedro Sánc...",https://www.realitatea.net/stiri/actualitate/incendiu-major-in-vestul-spaniei-aproape-de-granita-cu-portugalia-12-sate-evacuate-lxkeob,https://www.realitatea.net/storage/media/7/2026/07/incendiu-in-spania-pB017B.webp,,"Autoritile spaniole au ordonat miercuri sear evacuarea a 12 sate din provincia Zamora, dup izbucnirea unui incendiu de vegetaie de proporii în apropierea frontierei cu Portugalia. Situaia este consid… [+2863 chars]",,2026-08-01 16:33:14+00:00,random,,,
c202feb91faa22c6c9baa898e5fd6ddf,2026-07-09T09:44:03Z,ice jam,inundații,adevarul.ro,ro,0.7,"Katastrophale Überschwemmungen in China: Mindestens 39 Tote, Hunderte Tiere entkommen aus Zoo und Schlangenfarm. Mehr als 100 Tiere fliehen aus einem Zoo im Süden Chinas, nachdem verheerende Überschwemmungen in der Region Guangxi 39 Menschen getötet und 130.000 vertrieben haben.","Inundații catastrofale în China: cel puțin 39 de morți, sute de animale evadate de la Zoo și de la o crescătorie de șerpi","Peste 100 de animale evadează de la o grădină zoologică, în sudul Chinei, în urma unor inundaţii devastatoare soldate cu 39 de morţi şi 130.000 de evacuaţi în regiunea Guangxi.","Catastrophic floods in China: At least 39 dead, hundreds of animals escaped from Zoo and snake farm. More than 100 animals escape from a zoo in southern China, following devastating floods that have killed 39 and displaced 130,000 in the Guangxi region.","Inundationes catastrophicae in Sinis: Saltem 39 mortui, centena animalia ex Tesserae et serpentis villam effugerunt. Plus quam 100 animalia ex saepti ferarum in Sinis meridionalibus effugiunt, sequentes inundationes vastantes quae occiderunt 39 et 130.000 in regione Guangxi emota sunt.",https://adevarul.ro/stiri-externe/in-lume/inundatii-catastrofale-in-china-cel-putin-39-de-2542059.html,https://cdn.adh.reperio.news/image-a/ab872835-0b37-406b-a0d0-6559abecbda6/index.jpeg?p=f%3Djpeg%26w%3D1200%26h%3D630%26r%3Dcover,,"Peste 100 de animale evadeaz de la o grdin zoologic, în sudul Chinei, în urma unor inundaii devastatoare soldate cu 39 de mori i 130.000 de evacuai în regiunea Guangxi.
publicitate
""); background-p… [+1755 chars]",,2026-08-02 16:30:55+00:00,random,,,
6d257b722826f932d6c37ad934f11335,2026-07-03T21:12:57Z,ice jam,inundații,www.mediafax.ro,ro,0.9,"Chaos im WM-Terminplan. Die FIFA möchte die Zeiten der Spiele Mexiko-England und Brasilien-Norwegen ändern. Aufgrund starker Unwetter und der Gefahr von Überschwemmungen in Mexiko-Stadt erwägt die FIFA, die Anstoßzeiten für zwei für Sonntag geplante WM-Achtelspiele zu ändern. Das Spiel Mexiko-England könnte überholt werden von...",Haos în programul Campionatului Mondial. FIFA vrea să schimbe orele meciurilor Mexic–Anglia și Brazilia–Norvegia,"FIFA analizează modificarea orelor de start pentru două partide din optimile de finală ale Campionatului Mondial, programate duminică, din cauza furtunilor puternice și a riscului de inundații din Ciudad de México. Meciul Mexic–Anglia ar putea fi devansat cu …",Chaos in the World Championship schedule. FIFA wants to change the times of the Mexico-England and Brazil-Norway matches. FIFA is considering changing the kick-off times for two World Cup round of 16 matches scheduled for Sunday due to strong storms and the risk of flooding in Mexico City. The Mexico-England match could be overtaken by...,Chaos in scedula Championship Mundi. FIFA temporibus Mexici-Angliae et Brasiliae Norvegiae aequet. FIFA cogitat variare calcitrare pro duobus Mundi rotundis 16 compositus ad Solis horarium ob procellas validas et periculum inundationis in urbe Mexicana. par Mexicum-Anglia opprimi potuit a...,https://www.mediafax.ro/sport/haos-in-programul-campionatului-mondial-fifa-vrea-sa-schimbe-orele-meciurilor-mexic-anglia-si-brazilia-norvegia-23766556,https://www.mediafax.ro/wp-content/uploads/2026/06/anglia-ghana-cm-2026.jpg,,"Partida dintre Mexic i Anglia, programat pe Estadio Azteca, ar putea începe duminic, 5 iulie, la ora local 12:00, în loc de 18:00, au declarat pentru Reuters surse familiarizate cu discuiile.
În Rom… [+1875 chars]",,2026-08-02 16:30:55+00:00,random,,,
920bb7a3b926e3fba9b67aa80f59d458,2026-07-28T07:48:47Z,Tsunami,tsunami,www.digi24.ro,ro,0.9,"Erdbeben der Stärke 7,1 in Japan. Die Behörden haben eine Tsunami-Warnung herausgegeben. Ein Erdbeben mit einer vorläufigen Stärke von 7,1 erschütterte am Dienstag die japanische Präfektur Kumamoto, teilte die Japan Meteorological Agency (JMA) unter Berufung auf Reuters mit.","Cutremur cu magnitudinea 7,1 în Japonia. Autoritățile au emis alertă de tsunami","Un cutremur cu magnitudinea preliminară de 7,1 a lovit marți prefectura Kumamoto din Japonia, a anunțat Agenția Meteorologică Japoneză (JMA), citată de Reuters.","7.1 magnitude earthquake in Japan. Authorities have issued a tsunami alert. An earthquake with a preliminary magnitude of 7.1 struck Japan's Kumamoto prefecture on Tuesday, the Japan Meteorological Agency (JMA) said, as cited by Reuters.","7.1 Magnitudo terrae motus in Iaponia. Auctoritates edixerunt tsunami erecti. Motus motus cum magnitudine praeliminaria 7.1 Praefecturam Iaponiae Kumamoto die Martis percussit, Iaponia Agency Meteorologicum (JMA) dixit, ut a Reuters citavit.",https://www.digi24.ro/stiri/externe/mapamond/cutremur-cu-magnitudinea-71-in-japonia-autoritatile-au-emis-alerta-de-tsunami-3881581,https://s.iw.ro/gateway/g/ZmlsZVNvdXJjZT1odHRwJTNBJTJGJTJG/c3RvcmFnZTA4dHJhbnNjb2Rlci5yY3Mt/cmRzLnJvJTJGc3RvcmFnZSUyRjIwMjYl/MkYwNyUyRjI0JTJGMjg2NjIzMF8yODY2/MjMwX2N1dHJlbXVyLXNlaXNtLUdldHR5/SW1hZ2VzLTkyMzUwNDY2Ni5qcGcmdz0x/MjAwJmg9NjMwJnpjPTEmaGFzaD1hZTkx/ZjEyZDE0MzI4Nzc3NDIzMWU2NjQ4OTE1MmI5Zg==.thumb.jpg,,"Un cutremur cu magnitudinea preliminar de 7,1 a lovit mari prefectura Kumamoto din Japonia, a anunat Agenia Meteorologic Japonez (JMA), citat de Reuters.
O avertizare de tsunami pentru un val de 1 m… [+280 chars]",,2026-08-02 21:28:40+00:00,random,,,
c5a53c7e09a75394020e4f020b97d982,2026-07-28T13:10:02Z,Earthquake,cutremur,www.realitatea.net,ro,0.9,"Japan, nach dem Erdbeben der Stärke 7,1: mehrere Tote, Dutzende Verletzte und Hunderttausende Menschen evakuiert. Eingestürzte Gebäude und Explosion in einem Einkaufszentrum. Das Erdbeben der Stärke 7,1, das am Dienstag die Präfektur Kumamoto im Süden Japans erschütterte, verursachte Stromausfälle, Brände und eingestürzte Gebäude. Die Behörden ordneten die Evakuierung von etwa 300.000 Menschen an, während die Einsatzteams…","Japonia, după cutremurul de 7,1: mai mulți morți, zeci de răniți și sute de mii de oameni evacuați. Clădiri prăbușite și explozie într-un mall","Cutremurul cu magnitudinea de 7,1 care a lovit marți prefectura Kumamoto, din sudul Japoniei, a provocat pene de curent, incendii și prăbușirea unor clădiri. Autoritățile au dispus evacuarea a aproximativ 300.000 de persoane, în timp ce echipele de intervenți…","Japan, after the 7.1 earthquake: several dead, dozens injured and hundreds of thousands of people evacuated. Collapsed buildings and explosion in a mall. The 7.1-magnitude earthquake that hit Kumamoto Prefecture in southern Japan on Tuesday caused power outages, fires and collapsed buildings. The authorities ordered the evacuation of approximately 300,000 people, while the intervention teams…","Iaponia, post 7.1 terrae motus: complures mortui, justos laeserunt et centena milia hominum emiserunt. Aedificia corruerunt et explosio in foro. Magnitudo terrae motus, qui Kumamoto Praefecturam in Iaponia meridionali die Martis percussit, vim outages, incendia et aedificia collapsa effecit. Auctoritates circiter 300,000 hominum evacuari iussit, intervenientibus iugis…",https://www.realitatea.net/stiri/actualitate/bilant-cutremur-japonia-mai-multi-morti-zeci-de-raniti-si-sute-de-mii-de-oameni-evacuati-cladiri-prabusite-si-incendii-2u2sx6,https://www.realitatea.net/storage/media/7/2026/07/cutremur-japonia-profimedia-Ir1bBU.webp,,"Cutremurul cu magnitudinea de 7,1 care a lovit mari prefectura Kumamoto, din sudul Japoniei, a provocat pene de curent, incendii i prbuirea unor cldiri. Autoritile au dispus evacuarea a aproximativ 3… [+3909 chars]",,2026-08-02 21:28:40+00:00,random,,,
e1bdcaa9fc4a39fa9a45180e8737af43,2026-07-11T04:40:24Z,Precipitation,ploaie litoral,zoso.ro,ro,0.8,"Rumänen, die Rumänisch sprechen: Bitte regnen Sie am Strand. In diesen Tagen findet an der Küste das größte Festival Osteuropas statt. Viele Leute, Jugendliche, ihre eigene Musik, mögen einen ehrlichen Temisaner nicht mehr. Am ersten Abend setzt ein sintflutartiger Regen ein, die Menschen suchen Schutz. Lidl, Noriel und Made By Society…",Români românind: ploaie la Beach Please,"Zilele astea se întâmplă pe litoral cel mai mare festival din Europa de est. Lume multă, tineret, muzică de-a lor, nu le mai place un Temișan cinstit. În prima seară începe o ploaie torențială, oamenii caută să se adăpostească. Lidl, Noriel și Made By Society…","Romanians speaking Romanian: rain at Beach Please. These days, the biggest festival in Eastern Europe is taking place on the coast. A lot of people, youth, their own music, they don't like an honest Temisan anymore. In the first evening a torrential rain starts, people seek shelter. Lidl, Noriel and Made By Society…","Romanians loquebantur Romanian: pluvia apud Beach amabo. His diebus maxima festivitas in Europa orientali versatur in ora maritima. Multi homines, iuvenes, sua musica, amant Temisan iam honestum. Primo vespere incipit imber torrens, umbraculum petunt. Lidl, Noriel et Societas facta.",https://zoso.ro/romani-romanind-ploaie-beach-please/,https://zoso.ro/img/2021/12/motorola_moto_g200_beach.jpg,,"Zilele astea se întâmpl pe litoral cel mai mare festival din Europa de est. Lume mult, tineret, muzic de-a lor, nu le mai place un Temian cinstit.
În prima sear începe o ploaie torenial, oamenii cau… [+405 chars]",,2026-08-03 08:49:57+00:00,wmo,Ecuador,NWS,South-America
b73d1471f758c477dbef84d17b885d88,2026-07-24T06:15:25Z,Precipitation,ploaie litoral,www.digi24.ro,ro,0.8,"Überschwemmungen in Bulgarien, einem Gebiet, das viele Rumänen für ihren Badeurlaub wählen. In der bulgarischen Stadt Varna kam es nach sintflutartigen Regenfällen zu großflächigen Überschwemmungen. Die Wassermenge war zu groß für die Kapazität des Abwassersystems, das sich staute.","Inundații în Bulgaria, într-o zonă aleasă de mulți români pentru vacanțele pe litoral","Inundații de amploare s-au produs în orașul bulgar Varna, după o ploaie torențială. Cantitatea de apă a fost prea mare pentru capacitatea sistemului de canalizare, care a refulat.","Floods in Bulgaria, in an area chosen by many Romanians for seaside holidays. Extensive flooding occurred in the Bulgarian city of Varna after torrential rain. The amount of water was too much for the capacity of the sewage system, which backed up.","Flumina in Bulgaria sunt in campo a multis Romanianis ad ferias maritimas electa. Inundatio ampla facta est in Varna civitate Bulgarorum post imbrem torrentem. Moles aquarum nimia erat capacitatis purgamentorum, quae subnixum est.",https://www.digi24.ro/stiri/externe/inundatii-in-bulgaria-intr-o-zona-aleasa-de-multi-romani-pentru-vacantele-pe-litoral-3876599,https://s.iw.ro/gateway/g/ZmlsZVNvdXJjZT1odHRwJTNBJTJGJTJG/c3RvcmFnZTA4dHJhbnNjb2Rlci5yY3Mt/cmRzLnJvJTJGc3RvcmFnZSUyRjIwMjYl/MkYwNyUyRjI0JTJGMjg2NjIyN18yODY2/MjI3X2ludW5kYXRpaS12YXJuYS5qcGcm/dz0xMjAwJmg9NjMwJnpjPTEmaGFzaD0z/MzM0NmE4NTdmZWI1YjAwYTc3ODBmZTM0MjVlNGZiZA==.thumb.jpg,,"Inundaii de amploare s-au produs în oraul bulgar Varna, dup o ploaie torenial. Cantitatea de ap a fost prea mare pentru capacitatea sistemului de canalizare, care a refulat.
Unele maini au rmas bloc… [+554 chars]",,2026-08-03 08:49:57+00:00,wmo,Ecuador,NWS,South-America
a8ba3d34cc6d04234fccb4ce2b4fa02e,2026-07-28T06:20:04Z,Heat Wave,val de căldură,www.mediafax.ro,ro,0.9,"Spanien und Frankreich bereiten sich auf eine weitere Hitzewelle vor, da Waldbrände verheerende Schäden anrichten. Spanien und Frankreich bereiten sich auf weitere Hitzewellen vor, wobei die Temperaturen in einigen Regionen auf über 40 Grad Celsius steigen werden.","Spania și Franța se pregătesc pentru un nou val de căldură, în timp ce incendiile de vegetație fac ravagii","Spania și Franța se pregătesc pentru noi valuri de căldură, temperaturile urmând să depășească 40 de grade Celsius în unele regiuni.","Spain and France are bracing for another heatwave as wildfires wreak havoc. Spain and France are bracing for further heatwaves, with temperatures set to exceed 40 degrees Celsius in some regions.","Hispania et Gallia aliam aestum capiunt ut incendia incendia perdant. Hispania et Gallia ulteriores undas comprehendunt, cum temperaturis 40 gradus Celsius in regionibus quibusdam excedunt.",https://www.mediafax.ro/externe/spania-si-franta-se-pregatesc-pentru-un-nou-val-de-caldura-in-timp-ce-incendiile-de-vegetatie-fac-ravagii-23780023,https://www.mediafax.ro/wp-content/uploads/2026/07/8146981-hepta_mediafax_foto-abacapress_hepta-scaled.jpg,,"Serviciul naional de meteorologie din Spania anun c episodul de vreme sever va continua cel puin pân duminic. Autoritile avertizeaz asupra unui risc extrem de incendii, în timp ce pompierii continu s… [+1932 chars]",,2026-08-04 21:51:56+00:00,random,,,
dba2a4d6916927dfaf07cec327bda271,2026-07-19T05:57:48Z,Thunderstorm,vreme severă românia,www.digi24.ro,ro,0.7,"Das Wetter ändert sich radikal. Nach der Hitzewelle und den Stürmen fallen die Temperaturen für diesen Zeitraum unter den Normalwert. Während dieser Zeit gelten mehrere Unwetterwarnungen, während in Rumänien gleichzeitig eine Hitzewelle und Episoden atmosphärischer Instabilität auftreten. Im Süden des Landes werden die Temperaturen bis zu 36 Grad Celsius erreichen, doch ab März...","Vremea se schimbă radical. După caniculă și furtuni, temperaturile scad sub normalul perioadei","Mai multe avertizări de vreme severă sunt în vigoare în această perioadă, în timp ce România se confruntă simultan cu un val de caniculă și episoade de instabilitate atmosferică. Temperaturile vor ajunge până la 36 de grade Celsius în sudul țării, însă de mar…","The weather is changing radically. After the heatwave and storms, temperatures drop below normal for the period. Several severe weather warnings are in force during this period, while Romania simultaneously experiences a heat wave and episodes of atmospheric instability. Temperatures will reach up to 36 degrees Celsius in the south of the country, but from Mar...","Tempestas funditus mutatur. Post aestus et procellas, temperaturae infra normales periodi cadunt. Plures admonitiones tempestatum graves hoc tempore vigent, cum Romania simul aestum fluctuum et episodium instabilitatis atmosphaericis experitur. Temperaturae usque ad 36 gradus Celsii in meridiem regionis attingent, sed a Mar.",https://www.digi24.ro/meteo/vremea-se-schimba-radical-dupa-canicula-si-furtuni-temperaturile-scad-sub-normalul-perioadei-3868363,https://s.iw.ro/gateway/g/ZmlsZVNvdXJjZT1odHRwJTNBJTJGJTJG/c3RvcmFnZTA4dHJhbnNjb2Rlci5yY3Mt/cmRzLnJvJTJGc3RvcmFnZSUyRjIwMjUl/MkYwNSUyRjEzJTJGMjI1Njg3Nl8yMjU2/ODc2X3ByaW1hdmFyYS1mcmlnLXNodXR0/ZWVyc3RvY2suanBnJnc9MTIwMCZoPTYz/MCZ6Yz0xJmhhc2g9YzdmYjRjMWJkYTYwODg2NTkxMjBlZjc4MDEzMDY0MTQ=.thumb.jpg,,"Mai multe avertizri de vreme sever sunt în vigoare în aceast perioad, în timp ce România se confrunt simultan cu un val de canicul i episoade de instabilitate atmosferic. Temperaturile vor ajunge pân… [+1909 chars]",,2026-08-05 03:47:07+00:00,wmo,Romania,WCE,Europe
338ab384131a29b50875c67945c973f4,2026-07-19T07:38:46Z,Thunderstorm,grindină,www.mediafax.ro,ro,0.9,"Von einer Hitzewelle zu heftigen Stürmen innerhalb weniger Stunden. Karte der Landkreise, in denen das Wetter verrückt spielt – ANM. ANM hat am Sonntag fünf Wetterwarnmeldungen herausgegeben, die zwischen dem 19. und 21. Juli gültig sind. Hitzewellen, tropische Nächte, starke Stürme und Hagel werden weite Teile Rumäniens heimsuchen.",De la caniculă la furtuni violente în câteva ore. Harta județelor unde vremea o ia razna – ANM,"ANM a emis duminică cinci mesaje de avertizare meteorologică, valabile între 19 și 21 iulie. Caniculă, nopți tropicale, vijelii puternice și grindină vor afecta mare parte din România.","From heatwave to violent storms in a matter of hours. Map of the counties where the weather goes crazy - ANM. ANM issued five weather warning messages on Sunday, valid between July 19 and 21. Heatwave, tropical nights, strong storms and hail will affect a large part of Romania.","Ab aestu ad tempestates violentas in materia horarum. Tabula comitatuum ubi tempestas insanit — ANM. ANM quinque tempestatis denuntiavit nuntios die Dominico validos inter Iulii 19 et 21. Noctes tropicae Heatwave, procellae validae et grandinis magnam partem Romaniae afficient.",https://www.mediafax.ro/meteo/de-la-canicula-la-furtuni-violente-in-cateva-ore-harta-judetelor-unde-vremea-o-ia-razna-anm-23774922,https://www.mediafax.ro/wp-content/uploads/2026/07/8140764-mediafax_foto-alexandru_nechez-scaled.jpg,,"Duminic, în Banat, vestul i sudul Olteniei, sudul, centrul i estul Munteniei, sudul i local centrul Moldovei i sud-vestul Dobrogei este cod galben de canicul. Temperaturile maxime vor ajunge la 34-37… [+1179 chars]",,2026-08-05 03:47:07+00:00,random,,,
3bd18c9429e99199379671bfc0e7bb32,2026-07-20T07:26:42Z,Thunderstorm,grindină,www.mediafax.ro,ro,0.9,"Rumänien, geteilt zwischen Hitzewelle und Stürmen. ANM hat für Stürme und Hagel den Code Orange ausgegeben. Die National Meteorological Administration (ANM) hat für den Zeitraum vom 20. bis 21. Juli mehrere Unwetterwarnungen herausgegeben, die sowohl auf Hitzewellen und erhöhte thermische Beschwerden im Süden des Landes als auch auf starke atmosphärische Instabilität in den größten Teilen des Landes abzielen.","România, împărțită între caniculă și furtuni. ANM a emis Cod portocaliu de vijelii și grindină","Administrația Națională de Meteorologie (ANM) a emis, pentru intervalul 20–21 iulie, mai multe avertizări de vreme severă, care vizează atât caniculă și disconfort termic accentuat în sudul țării, cât și instabilitate atmosferică puternică în cea mai mare par…","Romania, divided between heat wave and storms. ANM has issued Code Orange for gales and hail. The National Meteorological Administration (ANM) has issued, for the period of July 20-21, several warnings of severe weather, targeting both heatwave and heightened thermal discomfort in the south of the country, as well as strong atmospheric instability in the largest par...","Romania inter aestus et procellas divisa. ANM Codex Orange pro procellis et grandine ediderit. Nationalibus Administrationis Meteorologicis (ANM) per spatium 20 Iulii mensis Iulii aliquot admonitiones gravissimae tempestatis ediderunt, nisi tam heatwave quam augebant molestiam thermarum in regione meridiana, tum instabilitas atmosphaerica valida in maxima par...",https://www.mediafax.ro/meteo/romania-impartita-intre-canicula-si-furtuni-anm-a-emis-cod-portocaliu-de-vijelii-si-grindina-23775239,https://www.mediafax.ro/wp-content/uploads/2025/11/ploi.jpg,,"Pentru nordul i centrul Munteniei, cea mai mare parte a Moldovei i nordul Dobrogei este în vigoare un Cod portocaliu de vijelii, grindin i ploi toreniale.
Potrivit meteorologilor, luni, între orele … [+2437 chars]",,2026-08-05 03:47:07+00:00,random,,,
256eddaea0482adc28db46dc0a750888,2026-07-27T10:02:17Z,Heat Wave,căldură,www.digi24.ro,ro,0.9,"Die Hitzewelle erfasst Rumänien: Temperaturen bis zu 39°C. Wie wird das Wetter Anfang August sein und wie lange wird die Hitzewelle anhalten? Rumänien wird Anfang August von einer neuen Hitzewelle heimgesucht, bei der die Höchsttemperaturen bis zu 39°C erreichen. Die thermischen Beschwerden werden im größten Teil des Landes verstärkt und das Wetter wird auch nach dem 6. August besonders heiß bleiben.",Canicula pune stăpânire pe România: temperaturi de până la 39°C. Cum va fi vremea la început de august și cât ține valul de căldură,"România va fi cuprinsă de un nou val de caniculă la începutul lunii august, când temperaturile maxime vor ajunge până la 39°C. Disconfortul termic va fi accentuat în cea mai mare parte a țării, iar vremea se va menține deosebit de caldă chiar și după 6 august.","The heat wave takes over Romania: temperatures up to 39°C. What will the weather be like at the beginning of August and how long will the heat wave last? Romania will be gripped by a new heat wave at the beginning of August, when the maximum temperatures will reach up to 39°C. Thermal discomfort will be accentuated in most of the country, and the weather will remain particularly hot even after August 6.","Fluctus aestus Romaniam occupat: temperaturas usque ad 39°C. Quid tempestas erit in principio Augusti, et quousque durabit aestus fluctus? Romania novo aestu aestu ineunte Augusto occupabitur, cum maximae temperaturae usque ad 39°C pervenient. Molestiae scelerisque acui in plerisque patriae, et tempestas praecipue calida manebit etiam post VI Kalendas Septembris.",https://www.digi24.ro/meteo/canicula-pune-stapanire-pe-romania-temperaturi-de-pana-la-39c-cum-va-fi-vremea-la-inceput-de-august-si-cat-tine-valul-de-caldura-3880007,https://s.iw.ro/gateway/g/ZmlsZVNvdXJjZT1odHRwJTNBJTJGJTJG/c3RvcmFnZTA4dHJhbnNjb2Rlci5yY3Mt/cmRzLnJvJTJGc3RvcmFnZSUyRjIwMjYl/MkYwNiUyRjMwJTJGMjgxNTQ1MF8yODE1/NDUwX0dldHR5SW1hZ2VzLTE0MDg0MTY1/ODAuanBnJnc9MTIwMCZoPTYzMCZ6Yz0x/Jmhhc2g9ODAxOTBiYzkzODk3YTRkMjU2MTgyMGZjM2I3OWE2YTY=.thumb.jpg,,"România va fi cuprins de un nou val de canicul la începutul lunii august, când temperaturile maxime vor ajunge pân la 39°C. Disconfortul termic va fi accentuat în cea mai mare parte a rii, iar vremea… [+6585 chars]",,2026-08-05 03:47:07+00:00,random,,,
9fa4e8b982951d6259b2edff497395d5,2026-07-31T12:33:55Z,Snow&Ice,ger,www.biziday.ro,ro,0.7,"Dürre in Europa. Nach dem starken Rückgang des Durchflusses der Donau sank auch der Wasserstand des Rheins, der wichtigsten Flussverkehrsader Deutschlands, aufgrund der Hitzewelle und der anhaltenden Dürre auf nahezu historische Tiefststände. Dies wirkt sich auf die Fabrikversorgung aus, was das Wirtschaftswachstum in diesem Quartal verlangsamen könnte. In Deutschland liegt der Rhein fast auf dem niedrigsten Stand seit acht Jahren, und Temperaturen nahe 40 Grad Celsius könnten die Situation verschärfen.  An der kritischen Stelle Kaub bei Koblenz sank die schiffbare Tiefe auf etwa 25...","Secetă în Europa. După scăderea severă a debitului Dunării, și nivelul apei pe Rin, cea mai importantă arteră de transport fluvial a Germaniei, a coborât aproape de minime istorice, pe fondul caniculei și al secetei prelungite. Este afectată astfel aprovizionarea fabricilor, ceea ce ar putea încetini creșterea economică pe acest trimestru.","În Germania, Rinul a ajuns aproape la cel mai scăzut nivel din ultimii opt ani, iar temperaturile care se apropie de 40 de grade Celsius pot agrava situația.  La punctul critic Kaub, în apropiere de Koblenz, adâncimea navigabilă a scăzut la aproximativ 25 de …","Drought in Europe. After the severe decrease in the flow of the Danube, the water level on the Rhine, Germany's most important river transport artery, also dropped to near historic lows amid the heat wave and prolonged drought. This is affecting factory supplies, which could slow economic growth this quarter. In Germany, the Rhine is near its lowest level in eight years, and temperatures approaching 40 degrees Celsius may worsen the situation.  At the critical point Kaub, near Koblenz, the navigable depth dropped to about 25...","Siccitas in Europa. Post gravem decrescentem Danubii fluxum, aquae Rheni planities, gravissima Germaniae fluminis arteria transportanda, etiam ad historicum vicinum incidit, inter aestus undam et diuturnam siccitatem. Haec commeatus officinas afficit, quae incrementum oeconomicum tardare potuerunt hac parte. In Germania Rhenus octo annis prope infimum gradum, et temperaturas 40 gradus Celsius appropinquantes situ peiorabit.  In discrimine Kaub, prope Koblenz, navigabilis profunditas ad 25 circiter decidit.",https://www.biziday.ro/364822-2/,https://cdn.biziday.ro/wp-content/uploads/2026/07/Rin2.png,,"În Germania, Rinul a ajuns aproape la cel mai sczut nivel din ultimii opt ani, iar temperaturile care se apropie de 40 de grade Celsius pot agrava situaia.  La punctul critic Kaub, în apropiere de Ko… [+3587 chars]",,2026-08-05 17:05:40+00:00,random,,,
3efdf694a9750c8f75ac57b109b7f965,2026-07-29T12:31:05Z,Drought,seceta,www.digi24.ro,ro,0.9,"Das Land schlägt für 2025 von Dürre betroffene Kulturen eine Hilfe von bis zu 63 Euro pro Hektar vor. Wer kann von der Förderung profitieren? Agrarproduzenten, die Mais und Sonnenblumen anbauen und von der Bodendürre des Jahres 2025 betroffen waren, könnten eine finanzielle Unterstützung von bis zu 63 Euro pro Hektar erhalten, heißt es in einem am Mittwoch zur öffentlichen Konsultation gestellten Entwurf eines Regierungsbeschlusses...",Statul propune un ajutor de până la 63 de euro pe hectar pentru culturile afectate de secetă în 2025. Cine poate beneficia de sprijin,"Producătorii agricoli care au cultivat porumb și floarea-soarelui și au fost afectați de seceta pedologică din 2025 ar putea primi un sprijin financiar de până la 63 de euro pe hectar, potrivit unui proiect de hotărâre de Guvern pus miercuri în consultare pub…","The state proposes aid of up to 63 euros per hectare for crops affected by drought in 2025. Who can benefit from support. Agricultural producers who cultivated corn and sunflowers and were affected by the pedological drought of 2025 could receive financial support of up to 63 euros per hectare, according to a draft Government decision put on public consultation on Wednesday...","Status auxilium proponit usque ad 63 euros per hectare pro fructibus siccitatis affectis anno 2025. Quis subsidio prodesse potest. Procuratores agriculturae qui frumentum et sunflores coluerunt et ab siccitate pedologico 2025 affecti sunt, subsidia nummaria usque ad 63 euros per hectare potuerunt recipere, secundum decisionem gubernationis capturam publici consultationis die Mercurii.",https://www.digi24.ro/stiri/economie/agricultura/statul-propune-un-ajutor-de-pana-la-63-de-euro-pe-hectar-pentru-culturile-afectate-de-seceta-in-2025-cine-poate-beneficia-de-sprijin-3883963,https://s.iw.ro/gateway/g/ZmlsZVNvdXJjZT1odHRwJTNBJTJGJTJG/c3RvcmFnZTA2dHJhbnNjb2Rlci5yY3Mt/cmRzLnJvJTJGc3RvcmFnZSUyRjIwMjAl/MkYwNSUyRjI2JTJGMTE5MDA2Ml8xMTkw/MDYyX0lEMjc0ODFfSU5RVUFNX1Bob3Rv/c19Db3JuZWxfUHV0YW4uanBnJnc9MTIw/MCZoPTYzMCZ6Yz0xJmhhc2g9OGZjYjU1/MTg0MDQ3ZDRhNDc4Yzg0NjI4N2U1MmNiNWE=.thumb.jpg,,"Productorii agricoli care au cultivat porumb i floarea-soarelui i au fost afectai de seceta pedologic din 2025 ar putea primi un sprijin financiar de pân la 63 de euro pe hectar, potrivit unui proiec… [+5566 chars]",,2026-08-05 17:05:40+00:00,random,,,
d1c25be9fdeba1ba8bd437650898f085,2026-07-30T12:52:53Z,Drought,seceta,www.digi24.ro,ro,0.9,"Transelectrica: Hitzewelle und Dürre werden das National Electric Power System unter Druck setzen. Block 2 bleibt vorerst in Betrieb. Das National Electroenergetic System (SEN) arbeitet derzeit unter sicheren Bedingungen, aufgrund der Hitzewelle und Dürre herrscht jedoch eine Zeit hoher Nachfrage, warnt Transelectrica. Das Unternehmen gibt an, dass es sich auch auf... vorbereitet.",Transelectrica: Canicula și seceta vor pune presiune pe Sistemul Electroenergetic Național. Unitatea 2 rămâne în funcțiune momentan,"Sistemul Electroenergetic Național (SEN) funcționează în prezent în condiții de siguranță, însă urmează o perioadă cu un grad ridicat de solicitare, pe fondul caniculei și al secetei, avertizează Transelectrica. Compania precizează că se pregătește inclusiv p…","Transelectrica: Heatwave and drought will put pressure on the National Electric Power System. Unit 2 remains operational for now. The National Electroenergetic System (SEN) is currently operating in safe conditions, but there is a period of high demand due to the heatwave and drought, warns Transelectrica. The company specifies that it is also preparing for...","Transelectrica: Heatwave et siccitas pressionem potentiae Nationalis Electricae ponet. Unitas 2 perficiendi nunc manet. Systema Electroenergeticum Nationale (SEN) nunc in condicionibus tutum operatur, sed tempus altum postulatum est propter aestum et siccitatem, monet Transelectricam. Societas specificat quod etiam praeparat...",https://www.digi24.ro/stiri/economie/energie/transelectrica-canicula-si-seceta-vor-pune-presiune-pe-sistemul-electroenergetic-national-unitatea-2-ramane-in-functiune-momentan-3885865,https://s.iw.ro/gateway/g/ZmlsZVNvdXJjZT1odHRwJTNBJTJGJTJG/c3RvcmFnZTA4dHJhbnNjb2Rlci5yY3Mt/cmRzLnJvJTJGc3RvcmFnZSUyRjIwMjMl/MkYwOSUyRjE5JTJGMTgwMjc4OF8xODAy/Nzg4X2NlbnRyYWxhLWRlLWxhLWNlcm5h/dm9kYS1wcm9maW1lZGlhLmpwZyZ3PTEy/MDAmaD02MzAmemM9MSZoYXNoPTA5ODdm/ZjIxYzBjOTg3NDdiNzY5MjFiNTYxNDE1OWY1.thumb.jpg,,"Sistemul Electroenergetic Naional (SEN) funcioneaz în prezent în condiii de siguran, îns urmeaz o perioad cu un grad ridicat de solicitare, pe fondul caniculei i al secetei, avertizeaz Transelectrica… [+2604 chars]",,2026-08-05 17:05:40+00:00,random,,,
0d25b09395442c3b532e1ee1605904b9,2026-07-18T07:14:46Z,Thunderstorm,grindină,www.mediafax.ro,ro,0.9,"Tagsüber 37°C, einige Stunden später Sturmböen und Hagel. ANM gab sechs Wetterwarnungen heraus. ANM hat sechs Warnungen mit dem Code „Gelb“ herausgegeben, die über das Wochenende gültig sind. Er kündigt eine Hitzewelle, schwere thermische Beschwerden und atmosphärische Instabilität in den meisten Regionen des Landes an.","37°C în timpul zilei, vijelii și grindină câteva ore mai târziu. ANM a emis șase avertizări meteo","ANM a emis șase atenționări Cod galben, valabile în weekend. Anunță caniculă, disconfort termic accentuat și instabilitate atmosferică, în majoritatea regiunilor țării.","37°C during the day, squalls and hail a few hours later. ANM issued six weather warnings. ANM has issued six Code Yellow warnings, valid over the weekend. He announces heatwave, severe thermal discomfort and atmospheric instability in most regions of the country.","37° Interdiu, procellis et grandine, paucis horis post. ANM sex tempestatis monita edita. ANM sex Codicis Flavi monita edidit, valida super volutpat vestibulum. He nuntiat heatwave, gravem incommoditatem et instabilitatem atmosphaericam in plerisque regionibus regionis.",https://www.mediafax.ro/meteo/37c-in-timpul-zilei-vijelii-si-grindina-cateva-ore-mai-tarziu-anm-a-emis-sase-avertizari-meteo-23774587,https://www.mediafax.ro/wp-content/uploads/2026/07/vreme-bucuresti-scaled.jpg,,"Sâmbt, 18 iulie, canicula i disconfortul termic ridicat vor afecta Maramureul i nord-vestul Transilvaniei. Sunt vizate i Criana, Banatul, vestul i sudul Olteniei.
Avertizarea acoper i sud-vestul i c… [+1595 chars]",,2026-08-06 08:03:12+00:00,random,,,
c49f03cc7cf2fac3b07c0a0f384887f8,2026-07-24T10:26:42Z,ice jam,inundații,www.mediafax.ro,ro,0.9,"Gelbe Hochwasservorschriften für Flüsse in sieben Landkreisen. Hydrologen warnen vor Sturzfluten und Überschreitungen der Aufmerksamkeitsquoten. Das Nationale Institut für Hydrologie und Wassermanagement (INHGA) hat am Freitag eine bis Mitternacht gültige Hochwasserwarnung des Codes Gelb für Flüsse in den Flusseinzugsgebieten Mureș, Ialomița, Buzău, Râmnicu Sărat und Putna herausgegeben. Spezialisten warnen…",Cod galben de inundații pe râuri din șapte județe. Hidrologii avertizează asupra viiturilor rapide și depășirii cotelor de atenție,"Institutul Național de Hidrologie și Gospodărire a Apelor (INHGA) a emis, vineri, o atenționare Cod galben de inundații valabilă până la miezul nopții, pentru râuri din bazinele hidrografice Mureș, Ialomița, Buzău, Râmnicu Sărat și Putna. Specialiștii avertiz…","Yellow flood code on rivers in seven counties. Hydrologists warn of flash floods and exceeding attention quotas. The National Institute of Hydrology and Water Management (INHGA) issued, on Friday, a Code Yellow flood warning valid until midnight, for rivers in the Mureș, Ialomița, Buzău, Râmnicu Sărat and Putna river basins. Specialists warn…","Codicem Flavi flumen in fluminibus septem comitatuum. Hydrologi monent diluvium splendentem et nimiam diligentiam adimplere. Institutum Nationale Hydrologiae et Procuratio Aquarum (INHGA) edita, die Veneris, Codex Flavii diluvii usque ad mediam noctem valida monitus est, nam flumina in Mureș, Ialomița, Buzău, Râmnicu Sărat et Putna pelvis fluvii sunt. Tortores monent…",https://www.mediafax.ro/meteo/cod-galben-de-inundatii-pe-rauri-din-sapte-judete-hidrologii-avertizeaza-asupra-viiturilor-rapide-si-depasirii-cotelor-de-atentie-23778112,https://www.mediafax.ro/wp-content/uploads/2025/11/inundatii-e1764454406470.jpg,,"INHGA a emis vineri un Cod galben, valabil în intervalul 24 iulie 2026, ora 12:00 24 iulie 2026, ora 24:00, pentru mai multe râuri din centrul i estul rii.
Concret, atenionarea vizeaz, în principal,… [+1752 chars]",,2026-08-06 12:29:15+00:00,random,,,
e10e86c38d8e647a43a829470df568b7,2026-07-08T07:24:47Z,Thunderstorm,grindină,www.realitatea.net,ro,0.9,"Gelber ANM-Code für Stürme, sintflutartigen Regen und Hagel. In den folgenden Tagen betroffene Gebiete – KARTE. Die National Meteorological Administration hat für mehrere Gebiete des Landes zwei gelbe Warnungen vor schlechtem Wetter herausgegeben, die am Mittwoch und Donnerstag gültig sind. Meteorologen kündigen Windverstärkungen, atmosphärische Instabilität, quantitativ bedeutende Schauer und Regengüsse an ...","Cod galben ANM de vijelii, ploi torențiale și grindină. Zonele afectate în următoarele zile - HARTA","Administrația Națională de Meteorologie a emis două atenționări cod galben de vreme rea, valabile miercuri și joi, pentru mai multe zone din țară. Meteorologii anunță intensificări ale vântului, instabilitate atmosferică, averse importante cantitativ, descărc…","Yellow code ANM of gales, torrential rain and hail. Areas affected in the following days - MAP. The National Meteorological Administration has issued two yellow code warnings of bad weather, valid on Wednesday and Thursday, for several areas in the country. Meteorologists announce wind intensifications, atmospheric instability, quantitatively important showers, downpours...","Flavum codicem ANM procellae, imbres torrentes et grandines. Locis sequentibus diebus affectae - MAP. Administratio Meteorologica Nationalis duas admonitiones tempestatibus flavescentibus codicem emisit, validas die Mercurii et Iovis, pluribus locis in patria. Meteorologi nuntiant ventum intensiones, instabilitatem atmosphaericam, imbres quantitatis momenti, imbres.",https://www.realitatea.net/stiri/actualitate/cod-galben-anm-de-vijelii-ploi-torentiale-si-grindina-zonele-afectate-in-urmatoarele-zile-harta-4pckjh,https://www.realitatea.net/storage/media/5/2024/04/furtuna-vijelie-_26d17962ac.webp,,"Administraia Naional de Meteorologie a emis dou atenionri cod galben de vreme rea, valabile miercuri i joi, pentru mai multe zone din ar. Meteorologii anun intensificri ale vântului, instabilitate at… [+2036 chars]",,2026-08-08 02:30:41+00:00,random,,,
b95a8a36c12a691d3f5da88f50c53942,2026-07-09T10:18:33Z,Snow&Ice,lapovita,www.digi24.ro,ro,0.3,"Warum wurde der Verkehr auf der A10 Sebeș-Turda in einer Richtung gesperrt, nachdem ein Teil der Straße beschädigt wurde? Erklärungen von CNAIR. CNAIR hat beschlossen, die Route 1 auf der Autobahn 10 Sebeș-Turda, bei km 66+300, nach einem Erdrutsch vorübergehend zu sperren und den Verkehr auf DN1 umzuleiten, wobei die Option des Gegenverkehrs auf der Route 2 aus Sicherheitsgründen abgelehnt wurde. Fließender Verkehr, inkl.",De ce a fost închis un sens de circulație pe A10 Sebeș-Turda după ce s-a surpat o parte din drum. Explicațiile CNAIR,"CNAIR a decis închiderea temporară a Căii 1 de pe Autostrada 10 Sebeş-Turda, la km 66+300, în urma unei surpări de teren, şi devierea traficului pe DN1, respingând varianta circulaţiei bidirecţionale pe Calea 2 din motive de siguranţă. Mutarea traficului, inc…","Why was one direction of traffic closed on the A10 Sebeș-Turda after part of the road was damaged. CNAIR's explanations. CNAIR decided to temporarily close Route 1 on Highway 10 Sebeş-Turda, at km 66+300, following a landslide, and divert traffic on DN1, rejecting the two-way traffic option on Route 2 for safety reasons. Moving traffic, incl…","Quare una directio negotiationis clausa est in A10 Sebeș-Turda postquam pars viae laesa est. Explicationes Cnair. CNAIR decrevit ad tempus claudere Route 1 in Via 10 Sebeş-Turda, ad km 66+300, sequens lapsus, et mercaturam in DN1 avertens, optionem mercaturae in Route 2 ad rationes salutis respuens. Negotiatio movens, incl...",https://www.digi24.ro/stiri/economie/transporturi/de-ce-a-fost-inchis-un-sens-de-circulatie-pe-a10-sebes-turda-dupa-ce-s-a-surpat-o-parte-din-drum-explicatiile-cnair-3854855,https://s.iw.ro/gateway/g/ZmlsZVNvdXJjZT1odHRwJTNBJTJGJTJG/c3RvcmFnZTA4dHJhbnNjb2Rlci5yY3Mt/cmRzLnJvJTJGc3RvcmFnZSUyRjIwMjYl/MkYwNyUyRjA5JTJGMjg0MDc3MF8yODQw/NzcwX04xNy1BVVRPU1RSQURBLVNVUlBB/VEEtU0VCRVMtVFVSREEtQVNGQUxULVJV/UFQtVk8tMDkwNzI2XzAwNDY2LmpwZyZ3/PTEyMDAmaD02MzAmemM9MSZoYXNoPWVm/MzQ4ZDk3YWIzOTQ5YjMzMGY0YzQxZWIxYjZiMDFm.thumb.jpg,,"CNAIR a decis închiderea temporar a Cii 1 de pe Autostrada 10 Sebe-Turda, la km 66+300, în urma unei surpri de teren, i devierea traficului pe DN1, respingând varianta circulaiei bidirecionale pe Cal… [+2956 chars]",,2026-08-08 15:59:05+00:00,random,,,
7d44280780f2835fdcb56d657cd57a4c,2026-07-12T07:34:10Z,Thunderstorm,grindină,www.realitatea.net,ro,0.9,"Sonderprognose für die Hauptstadt. Gewitter, Hagel und Sturmböen bis Montagmorgen. Erdrückende Atmosphäre in Bukarest, gefolgt von heftigen Stürmen nach Einbruch der Dunkelheit. Die aktualisierte Vorhersage kündigt ein Maximum von 31 Grad an, die atmosphärische Stabilität wird jedoch in der zweiten Tageshälfte stark beeinträchtigt sein. Die Instabilität wird sich durch bewölktes Wetter bemerkbar machen.","Prognoză specială pentru Capitală. Furtuni, grindină și vijelii, până luni dimineață","Atmosferă sufocantă, în București, urmată de furtuni violente după lăsarea serii. Prognoza actualizată anunță o maximă de 31 de grade, însă stabilitatea atmosferică va fi grav afectată în a doua parte a zilei. Instabilitatea se va manifesta prin înnorări acce…","Special forecast for the Capital. Thunderstorms, hail and squalls through Monday morning. Suffocating atmosphere in Bucharest, followed by violent storms after dusk. The updated forecast announces a maximum of 31 degrees, but atmospheric stability will be seriously affected in the second part of the day. The instability will be manifested by cloudy acc...","Praesagium pro Capital speciale. Tonitruum, grando et procellis per mane Lunae. In Bucharest atmosphaera suffocans, vehementibus post vesperum procellis secuta est. Praedictio renovata maximum 31 graduum denuntiat, sed stabilitas atmosphaerica in secunda parte diei graviter afficietur. Manifestabitur instabilitas nubis acc...",https://www.realitatea.net/stiri/actualitate/prognoza-speciala-pentru-capitala-furtuni-grindina-si-vijelii-pana-luni-dimineata-dq7hl3,https://www.realitatea.net/storage/media/5/2025/03/vijelie-furtuna-fulger-620x400_e0f2e349ea.webp,,"Atmosfer sufocant, în Bucureti, urmat de furtuni violente dup lsarea serii. Prognoza actualizat anun o maxim de 31 de grade, îns stabilitatea atmosferic va fi grav afectat în a doua parte a zilei. In… [+2174 chars]",,2026-08-08 21:02:07+00:00,random,,,
9e62b90f7023aeb02269f4cdd6a5dc46,2026-07-30T17:21:14Z,Snow&Ice,portarii de gheata trec sh73,www.digi24.ro,ro,0.2,"Der Durchfluss der Donau sinkt dramatisch und nähert sich dem Negativrekord seit 1985. Was rumänische Gewässer über Trinkwasser sagen. Rumänien erlebt derzeit eine der schwierigsten hydrologischen Perioden der letzten Jahrzehnte, da auch für die nächste Periode im oberen Donaubecken keine Niederschläge vorhergesagt werden, so die Nationale Verwaltung „Rumänische Gewässer“.",Debitul Dunării scade dramatic și se apropie de recordul negativ din 1985. Ce spun Apele Române despre apa potabilă,"România traversează una dintre cele mai dificile perioade hidrologice din ultimele decenii, în condițiile în care nici în bazinul superior al Dunării nu sunt prognozate precipitații în perioada imediat următoare, potrivit Administrației Naționale „Apele Român…","The flow of the Danube drops dramatically and approaches the negative record since 1985. What Romanian Waters say about drinking water. Romania is going through one of the most difficult hydrological periods in recent decades, given that no precipitation is forecast for the next period either in the upper Danube basin, according to the National Administration ""Romanian Waters...","Fluxus Danuvii dramatice stillat et ad tabulas negativas cum 1985. Quid aquae Romanianae dicunt de aqua bibenda. Romania per unam periodorum difficillimorum hydrologorum recentium decenniis perambulat, cum nulla praecipitatio futurae temporis vel in labrum Danubii superioris, secundum Administration National ""Aquae Romanian...""",https://www.digi24.ro/stiri/debitul-dunarii-scade-dramatic-si-se-apropie-de-recordul-negativ-din-1985-ce-spun-apele-romane-despre-apa-potabila-3886413,https://s.iw.ro/gateway/g/ZmlsZVNvdXJjZT1odHRwJTNBJTJGJTJG/c3RvcmFnZTA4dHJhbnNjb2Rlci5yY3Mt/cmRzLnJvJTJGc3RvcmFnZSUyRjIwMjYl/MkYwNyUyRjMwJTJGMjg3NTA5Ml8yODc1/MDkyX2R1bmFyZS1hcGVsZS1yb21hbmUu/anBnJnc9MTIwMCZoPTYzMCZ6Yz0xJmhh/c2g9MDBjMDI1OWNhYzMxNzYyNjljMjZiMjJmYmZiMjA2YjA=.thumb.jpg,,"România traverseaz una dintre cele mai dificile perioade hidrologice din ultimele decenii, în condiiile în care nici în bazinul superior al Dunrii nu sunt prognozate precipitaii în perioada imediat u… [+2696 chars]",,2026-08-10 21:22:32+00:00,wmo,New Zealand,NZ,Oceania
169dcd9032c0205ef679f03399308ef4,2026-07-30T15:33:15Z,Heat Wave,val de căldură elveția,www.mediafax.ro,ro,0.3,Rumänische Gewässer: Der Durchfluss der Donau nähert sich dem historischen Minimum seit 1985. In Călărași-Cernavodă bleiben Bewässerungsbeschränkungen bestehen. Der Durchfluss der Donau am Eingang des Landes erreichte am Donnerstag 1.600 Kubikmeter pro Sekunde und könnte laut Prognose des Nationalen Instituts für Hydrologie und Wasserwirtschaft um den 6. August auf etwa 1.500 Kubikmeter pro Sekunde sinken. Die Werte sind fast dreimal niedriger...,Apele Române: Debitul Dunării se apropie de minimul istoric din 1985. Restricțiile pentru irigații se mențin la Călărași–Cernavodă,"Debitul Dunării la intrarea în țară a ajuns, joi, la 1.600 mc/s și ar putea coborî la aproximativ 1.500 mc/s în jurul datei de 6 august, potrivit prognozei Institutului Național de Hidrologie și Gospodărire a Apelor. Valorile sunt de aproape trei ori mai mici…","Romanian waters: The flow of the Danube is approaching the historical minimum since 1985. Irrigation restrictions are maintained in Călărași-Cernavodă. The flow of the Danube at the entrance to the country reached, on Thursday, 1,600 mc/s and could drop to approximately 1,500 mc/s around August 6, according to the forecast of the National Institute of Hydrology and Water Management. The values ​​are almost three times lower...","Aquae Romanianae: Fluxus Danuvii minimus historicus ab anno 1985 appropinquat. restrictiones Irrigationes in Calărași-Cernavodă servantur. Fluxus Danubii ad ostium patriae perventum est, die Iovis, 1,600 mc/s, et ad circiter 1500 mc/s circiter VI Kalendas Septembris cadere potuit, secundum praesagio Instituti Nationalis Hydrologiae et Aquae Procurationis. Valores ter fere inferiores sunt.",https://www.mediafax.ro/social/apele-romane-debitul-dunarii-se-apropie-de-minimul-istoric-din-1985-restrictiile-pentru-irigatii-se-mentin-la-calarasi-cernavoda-23781888,https://www.mediafax.ro/wp-content/uploads/2026/07/759803512_2014263085955610_1438208644280800487_n.jpg,,"Administraia Naional Apele Române a anunat joi, într-o postare pe Facebook, c România traverseaz una dintre cele mai dificile perioade hidrologice din ultimele decenii, în condiiile în care debitul D… [+1528 chars]",,2026-08-10 21:22:32+00:00,wmo,Switzerland,WCE,Europe
e6b08dbe06c921f716a174b1cdb31fd5,2026-07-31T11:01:16Z,Storm,furtuna madagascar,www.mediafax.ro,ro,0.3,"Rumänisches Patriarchat, Appell an die Gemeinden: Wasser für die von der Hitzewelle Betroffenen und Gebete für Regen. Das rumänische Patriarchat hat am Freitag einen Aufruf an alle Diözesen gestartet, die von der Hitzewelle betroffenen Menschen zu unterstützen, und forderte Pfarreien und Klöster auf, Wasser zu verteilen, vorübergehende Unterbringung an kühlen Orten anzubieten und besondere Gebete für Regen in … zu verrichten.","Patriarhia Română, apel către parohii: apă pentru cei afectați de caniculă și rugăciuni pentru ploaie","Patriarhia Română a lansat vineri un apel către toate eparhiile să sprijine persoanele afectate de caniculă, îndemnând parohiile și mănăstirile să distribuie apă, să ofere adăpost temporar în spații răcoroase și să oficieze rugăciuni speciale pentru ploaie în…","Romanian Patriarchate, appeal to parishes: water for those affected by the heatwave and prayers for rain. The Romanian Patriarchate on Friday launched a call to all dioceses to support people affected by the heat wave, urging parishes and monasteries to distribute water, offer temporary shelter in cool spaces and hold special prayers for rain in…","Patriarchatus Romanian, provocare ad paroecias: aqua pro iis qui aestuat et orationes pro pluvia affecti sunt. Patriarchatus Romaniani Veneris die Veneris in omnes dioeceses vocatus est ad sustinendos homines fluctus aestus affectos, hortans paroecias et monasteria ad aquam distribuendam, ad tempus in spatiis frigidis tutandum offerendum et speciales preces pro pluvia in…",https://www.mediafax.ro/social/patriarhia-romana-apel-catre-parohii-apa-pentru-cei-afectati-de-canicula-si-rugaciuni-pentru-ploaie-23782413,https://www.mediafax.ro/wp-content/uploads/2025/10/8037092-mediafax_foto-alexandru_dobre-scaled.jpg,,"Într-un comunicat, instituia îi îndeamn pe reprezentanii eparhiilor din toat ara s ajute persoanele afectate de canicul, în contextul temperaturilor extrem de ridicate din aceast perioad.
Astfel, pa… [+1836 chars]",,2026-08-10 21:22:32+00:00,wmo,Madagascar,MDG,Africa
cdbe3bd17741af9126cd53a378960c9b,2026-07-14T21:01:26Z,Thunderstorm,furtună state unite,adevarul.ro,ro,0.3,"15. Juli: Mario Kempes wird 72. Die Geschichte des Spiels in Pitesti, bei dem Nicolae Dobrin ihn dazu brachte, sich vor ihm zu verbeugen. Im Laufe der Geschichte wurde der 15. Juli mit Ereignissen in Verbindung gebracht, die Kunst, Wissenschaft, Kultur und Sport beeinflusst haben, von der Entdeckung des Rosetta-Steins bis zur Geschichte von Mario Kempes, dem Weltmeister, der Argentinien zum ersten Feldtitel führte ...",15 iulie: Mario Kempes împlineşte 72 de ani. Povestea meciului de la Pitești în care Nicolae Dobrin l-a făcut să se încline în fața lui,"De-a lungul istoriei, data de 15 iulie a fost legată de evenimente care au influențat arta, știința, cultura și sportul, de la descoperirea Pietrei din Rosetta până la povestea lui Mario Kempes, campionul mondial care a dus Argentina spre primul titlu de camp…","July 15: Mario Kempes turns 72. The story of the match in Pitesti in which Nicolae Dobrin made him bow before him. Throughout history, July 15th has been linked to events that have influenced art, science, culture and sport, from the discovery of the Rosetta Stone to the story of Mario Kempes, the world champion who led Argentina to its first field title...","Iulii 15: Marius Kempes vertit 72. Narratio de certamine in Pitesti in quo Nicolae Dobrin eum arcum coram eo fecit. In tota historia, die 15 mensis Iulii coniunctus est eventibus, qui artem, scientiam, culturam et ludibrium moverunt, ab inventione Rosettae Lapidis in fabulam Marii Kempes, mundi propugnatoris, qui Argentinam ad titulum suum primum campum adduxit.",https://adevarul.ro/istoria-zilei/15-iulie-mario-kempes-implineste-72-de-ani-2542385.html,https://cdn.adh.reperio.news/image-4/4a4b61ab-7edd-4c3d-a780-ac7ae519af27/index.jpeg?p=f%3Djpeg%26w%3D1200%26h%3D630%26r%3Dcover,,"De-a lungul istoriei,
data de 15 iulie a fost legat de evenimente care au influenat arta, tiina,
cultura i sportul, de la descoperirea Pietrei din Rosetta pân la povestea lui
Mario Kempes, campion… [+13999 chars]",,2026-08-12 11:25:06+00:00,wmo,United States,CNA,North-America
a5981bb85e31463ef063b4d3c8a8424b,2026-07-13T07:37:43Z,Snow&Ice,ger,www.mediafax.ro,ro,0.9,"Wie ich das National Assessment überstanden habe. Kleiner Ratgeber für alle. Wenn Sie diese Zeilen lesen und ein Kind zu Hause haben, das gerade die 7. Klasse abgeschlossen hat, empfehle ich Ihnen in aller Freundschaft, es beiseite zu legen und in einem Jahr wiederzukommen.",Cum am supraviețuit Evaluării Naționale. Mic ghid pentru toată lumea,"Dacă citești aceste rânduri și ai acasă un copil care tocmai a terminat clasa a VII-a, îți sugerez, cu toată prietenia, să le lași de-o parte și să revii peste un an.","How I survived the National Assessment. Little guide for everyone. If you are reading these lines and have a child at home who has just finished the 7th grade, I suggest, with all friendship, that you put them aside and come back in a year.","Quam supervixi aestimatione Nationali. Pusillus dux omnibus. Has lineas si legas et domi puerum habes qui per septimum gradum perfecisti modo, admoneo cum omni amicitia, ut eas abjicias et reducas in annum.",https://www.mediafax.ro/editorialistii/cum-am-supravietuit-evaluarii-nationale-mic-ghid-pentru-toata-lumea-23771137,https://www.mediafax.ro/wp-content/uploads/2026/02/eliza-ene-corbeanu-1.jpeg,,"Astzi vei zâmbi i vei crede c exagerez, c dramatizez inutil i c, pân la urm, un examen rmâne doar un examen; peste dousprezece luni îns, dup ce vei fi trit i tu anul acela ciudat în care întreaga fam… [+8146 chars]",,2026-08-12 21:25:15+00:00,random,,,
f7fba19a488d2963535c31901f3a50d9,2026-07-31T06:47:26Z,Snow Avalanche,avalanșă,www.mediafax.ro,ro,0.9,"Zehn Bergsteiger werden nach einem Lawinenunglück auf einem der gefährlichsten Berge der Welt vermisst. Unter ihnen ist der berühmte Nirmal Purja. In Pakistan ist eine umfangreiche Such- und Rettungsaktion im Gange, nachdem zehn Bergsteiger aus mehreren Ländern nach einer Lawine am Broad Peak, einem der höchsten und schwierigsten Gipfel der Welt, verschwunden sind. Unter den als vermisst gemeldeten Personen sind …",Zece alpiniști au dispărut după o avalanșă pe unul dintre cei mai periculoși munți din lume. Printre ei se află celebrul Nirmal Purja,"O amplă operațiune de căutare și salvare este în desfășurare în Pakistan, după ce zece alpiniști din mai multe țări au dispărut în urma unei avalanșe produse pe Broad Peak, unul dintre cele mai înalte și dificile vârfuri din lume. Printre cei dați dispăruți s…","Ten climbers are missing after an avalanche on one of the world's most dangerous mountains. Among them is the famous Nirmal Purja. An extensive search and rescue operation is underway in Pakistan after ten climbers from several countries went missing after an avalanche on Broad Peak, one of the highest and most difficult peaks in the world. Among those reported missing s…","Decem viverra tellus desunt post montem periculosissimum montem cadentem in unum mundi. Inter eos celeberrimus est Nirmal Purja. Investigatio ampla et liberatio operationis in Pakistania comparata est postquam decem viverra tellus ex pluribus regionibus defuit postquam NIVIS in lata Pecco, unum ex altissimis ac difficillimis in mundo iugis. Inter eos qui nuntiaverunt absentis s…",https://www.mediafax.ro/life-inedit/zece-alpinisti-au-disparut-dupa-o-avalansa-pe-unul-dintre-cei-mai-periculosi-munti-din-lume-printre-ei-se-afla-celebrul-nirmal-purja-23782083,https://www.mediafax.ro/wp-content/uploads/2026/07/nirmal-purja-unul-dintre-cei-mai-cunoscuti-alpinisti.jpg,,"Autoritile pakistaneze încearc s mobilizeze elicoptere i echipe de intervenie, îns operaiunile depind de condiiile meteo din masivul Karakorum, transmite AP.
Avalana a lovit la peste 8.000 de metri … [+2077 chars]",,2026-08-13 07:00:32+00:00,random,,,
8e163622622a59e8f72d00c90cf3ad50,2026-07-31T07:21:31Z,Heat Wave,val de căldură,www.mediafax.ro,ro,0.9,"Rumänien erlebt eine neue Episode schwerer Hitzewelle. Wo die höchsten Temperaturen herrschen. Rumänien steht vor einer neuen Episode extrem heißen Wetters, und Meteorologen warnen, dass die Hitzewelle in den kommenden Tagen anhalten und sich verstärken wird.",România intră într-un nou episod de caniculă severă. Unde vor fi cele mai ridicate temperaturi,"România intră într-un nou episod de vreme extrem de caldă, iar meteorologii avertizează că valul de căldură va persista și se va intensifica în următoarele zile.","Romania enters a new episode of severe heat wave. Where the highest temperatures will be. Romania is entering a new episode of extremely hot weather, and meteorologists warn that the heat wave will persist and intensify in the coming days.","Romania novum eventus gravis aestus fluctuantis intrat. Ubi summae temperaturae erunt. Romania novum episodium tempestatis calidissimi ingreditur, et astrologi monent aestus fluctus perseverare et augeri in dies futuros.",https://www.mediafax.ro/meteo/romania-intra-intr-un-nou-episod-de-canicula-severa-unde-vor-fi-cele-mai-ridicate-temperaturi-23782154,https://www.mediafax.ro/wp-content/uploads/2026/07/8140543-mediafax_foto-alexandru_dobre.jpg,,"Temperaturile vor ajunge local la 40 de grade Celsius, iar nopile tropicale vor deveni tot mai frecvente în mai multe regiuni ale rii, în timp ce avertizrile cod galben i cod portocaliu vizeaz un num… [+2344 chars]",,2026-08-13 16:29:11+00:00,random,,,
4c2a86beeddf8c0271ffa628ff3b8ce0,2026-07-15T05:31:12Z,Heat Wave,căldură,www.realitatea.net,ro,0.9,"Die Hitzewelle, die Tausende in Europa tötete. Über 14.000 Todesfälle und Temperaturen ohne Klimawandel unmöglich. Die extreme Hitzewelle, die Westeuropa zwischen dem 18. Juni und dem 1. Juli heimsuchte, forderte Tausende Todesopfer und entwickelte sich zu einer der schlimmsten Klimakatastrophen des Kontinents. Vorläufige Sterblichkeitsdaten und Schätzungen der Forscher…",Valul de căldură care a ucis mii de oameni în Europa. Peste 14.000 de decese și temperaturi imposibile fără schimbările climatice,Valul de căldură extremă care a lovit Europa de Vest între 18 iunie și 1 iulie a provocat mii de decese și a devenit unul dintre cele mai grave dezastre climatice înregistrate pe continent. Datele preliminare privind mortalitatea și estimările cercetătorilor …,"The heat wave that killed thousands in Europe. Over 14,000 deaths and temperatures impossible without climate change. The extreme heat wave that hit Western Europe between June 18 and July 1 caused thousands of deaths and became one of the continent's worst climate disasters. Preliminary mortality data and researchers' estimates…","Fluctus aestus qui mille in Europa occidit. Plus 14,000 mortibus et temperaturis sine mutatione climatis impossibile est. Extremus calor fluctus, qui Europam occidentalem inter Iunium XVIII et Iulium 1 feriunt, milia mortium effecit et una pessimae calamitates climatis continentis factus est. Praevia mortalitas data et inquisitores aestimationes…",https://www.realitatea.net/stiri/actualitate/valul-de-caldura-care-a-ucis-mii-de-oameni-in-europa-peste-14000-de-decese-si-temperaturi-imposibile-fara-schimbarile-climatice-xttkiv,https://www.realitatea.net/storage/media/5/2025/07/canicula_6bbd2800f0.webp,,Valul de cldur extrem care a lovit Europa de Vest între 18 iunie i 1 iulie a provocat mii de decese i a devenit unul dintre cele mai grave dezastre climatice înregistrate pe continent. Datele prelimi… [+4297 chars],,2026-08-15 20:52:24+00:00,random,,,
11cc226a37eedafe1d173f735cd1e763,2026-07-23T05:46:16Z,Heat Wave,val de căldură,www.realitatea.net,ro,0.9,"Europa wird von einer neuen extremen Hitzewelle heimgesucht: Die Temperaturen können 50 Grad erreichen und Brände breiten sich aus. Europa wird von einer neuen Hitzewelle heimgesucht, Meteorologen prognostizieren Temperaturen, die sich Ende Juli der 50-Grad-Marke nähern könnten. Zu den Zielregionen gehören Südportugal, Spanien und Westfrankreich. Während die Waldbrände …","Europa, lovită de un nou val extrem de căldură: temperaturile pot ajunge la 50 de grade, iar incendiile se extind","Un nou val de căldură afectează Europa, iar meteorologii anunță temperaturi care s-ar putea apropia de 50 de grade Celsius la finalul lunii iulie. Sudul Portugaliei, Spania și vestul Franței se află printre regiunile vizate. Totul în timp ce incendiile de veg…","Europe, hit by a new extreme heat wave: temperatures can reach 50 degrees, and fires are spreading. A new heat wave is affecting Europe, with forecasters predicting temperatures that could approach 50 degrees Celsius at the end of July. Southern Portugal, Spain and western France are among the regions targeted. All while the wildfires…","Europa, novo aestu nimio fluctu pulsatur: temperaturas 50 gradus attingere potest et ignes diffundunt. Novus fluctus aestus Europam afficit, cum forecasters temperaturae praedicentes quae 50 gradus Celsius exeunte mense Iulio accedere possent. Lusitania meridionalis, Hispania et Gallia occidentalis inter regiones iaculis sunt. Omnes cum wildfires ...",https://www.realitatea.net/stiri/actualitate/europa-lovita-de-un-nou-val-extrem-de-caldura-temperaturile-pot-ajunge-la-50-de-grade-iar-incendiile-se-extind-dup7ad,https://www.realitatea.net/storage/media/5/2023/03/5200_0534eab1c4.webp,,"Un nou val de cldur afecteaz Europa, iar meteorologii anun temperaturi care s-ar putea apropia de 50 de grade Celsius la finalul lunii iulie. Sudul Portugaliei, Spania i vestul Franei se afl printre … [+819 chars]",,2026-08-15 20:52:24+00:00,random,,,
6f0ab9d0455163b730d5e3ea3410ba6c,2026-07-31T04:39:35Z,Heat Wave,căldură,www.realitatea.net,ro,0.9,"ANM hat einen gelben Code und einen orangefarbenen Hitzecode herausgegeben. Die Temperaturen steigen auf 38 Grad und die Nächte werden tropisch. Die National Meteorological Administration (ANM) hat für den Zeitraum vom 31. Juli, 10 Uhr, bis zum 1. August, 10 Uhr, neue Hitzewellenwarnungen herausgegeben, da sich die Hitzewelle im größten Teil des Landes ausbreitet und verstärkt. Meteorologen warnen vor dieser Temperatur...","ANM a emis cod galben și cod portocaliu de caniculă. Temperaturile urcă până la 38 de grade, iar nopțile devin tropicale","Administrația Națională de Meteorologie (ANM) a emis noi avertizări de caniculă pentru perioada 31 iulie, ora 10 – 1 august, ora 10, pe fondul unui val de căldură care se extinde și se intensifică în mare parte din țară. Meteorologii avertizează că temperatur…","ANM has issued a yellow code and an orange heat code. Temperatures rise to 38 degrees and the nights become tropical. The National Meteorological Administration (ANM) has issued new heat wave warnings for the period July 31, 10 a.m. to August 1, 10 a.m., amid a heat wave that is spreading and intensifying in most of the country. Meteorologists warn that temperature...","ANM codicem luteum et calor aureus codicem edidit. Temperaturae ad 38 gradus ascendunt et noctes tropicae fiunt. Administratio Meteorologica Nationalis (ANM) novas undas aestus admonuit per spatium diei 31 Iulii, 10 a.m. usque ad 1 Augusti, 10 a.m., inter aestus fluctum qui in maxima regione diffunditur et augetur. Astrologi monent temperiem illam...",https://www.realitatea.net/stiri/actualitate/anm-a-emis-cod-galben-si-cod-portocaliu-de-canicula-temperaturile-urca-pana-la-38-de-grade-iar-noptile-devin-tropicale-yx2xi7,https://www.realitatea.net/storage/media/5/2025/07/canicula-%283%29_00f754e5dc.webp,,"Administraia Naional de Meteorologie (ANM) a emis noi avertizri de canicul pentru perioada 31 iulie, ora 10 1 august, ora 10, pe fondul unui val de cldur care se extinde i se intensific în mare parte… [+2365 chars]",,2026-08-15 20:52:24+00:00,random,,,
2511924f836fab7618d6c8ae0a0e3fa9,2026-07-31T06:48:51Z,Snow Avalanche,avalanșă,www.digi24.ro,ro,0.9,"Lawine am Broad Peak, einem der höchsten Berge der Welt: Der legendäre Bergsteiger Nirmal Purja gehört zu den Vermissten. Der weltbekannte Bergsteiger Nirmal Purja gehört zu mehreren Bergsteigern, die vermisst werden, nachdem eine Lawine den Broad Peak in Pakistan, einen der höchsten Berge der Welt, getroffen hat, berichtet The Guardian.","Avalanșă pe Broad Peak, unul dintre cei mai înalți munți din lume: legendarul alpinist Nirmal Purja este printre cei dispăruți","Alpinistul de renume mondial Nirmal Purja se numără printre mai mulți alpiniști dispăruți după ce o avalanșă a lovit Broad Peak din Pakistan, unul dintre cei mai înalți munți din lume, informează The Guardian.","Avalanche on Broad Peak, one of the world's highest mountains: Legendary climber Nirmal Purja is among the missing. World-renowned climber Nirmal Purja is among several climbers missing after an avalanche hit Pakistan's Broad Peak, one of the world's highest mountains, The Guardian reports.","Avalanche in latitudine Peak, unus ex altissimis mundi montibus: Legendarius exhibuit Nirmal Purja inter absentes est. Mundus inclitus exhibuit Nirmal Purja est inter plures viverra tellus absentis postquam NIVIS CASUS Pakistan scriptor lata, unus ex altissimis montibus mundi, tradit Custos.",https://www.digi24.ro/stiri/externe/mapamond/avalansa-pe-broad-peak-unul-dintre-cei-mai-inalti-munti-din-lume-legendarul-alpinist-nirmal-purja-este-printre-cei-10-disparuti-3886989,https://s.iw.ro/gateway/g/ZmlsZVNvdXJjZT1odHRwJTNBJTJGJTJG/c3RvcmFnZTA4dHJhbnNjb2Rlci5yY3Mt/cmRzLnJvJTJGc3RvcmFnZSUyRjIwMjYl/MkYwNyUyRjMxJTJGMjg3NTM4MF8yODc1/MzgwX3Byb2ZpbWVkaWEtMDY0NjY5MTU4/NC5qcGcmdz0xMjAwJmg9NjMwJnpjPTEm/aGFzaD1lMDNkOTkwYmFjZGI1MGEyOGJlYmEzNTM5NDVkYzk2Ng==.thumb.jpg,,"Alpinistul de renume mondial Nirmal Purja se numr printre mai muli alpiniti disprui dup ce o avalan a lovit Broad Peak din Pakistan, unul dintre cei mai înali muni din lume, informeaz The Guardian.
… [+2065 chars]",,2026-08-16 20:51:26+00:00,random,,,
643028f1e33d0fa616f98e16e5e1e319,2026-07-31T08:30:26Z,Snow Avalanche,avalanșă,www.mediafax.ro,ro,0.9,"Nach einem Lawinenunglück am Broad Peak werden zehn Bergsteiger vermisst. UPDATE: Vier Leichen wurden gefunden, der berühmte Bergsteiger Nirmal Purja ist unter den sechs Vermissten. In Pakistan ist eine massive Such- und Rettungsaktion im Gange, nachdem zehn Bergsteiger aus mehreren Ländern nach einer Lawine am Broad Peak, einem der höchsten und schwierigsten Gipfel der Welt, verschwunden sind. Unter den als vermisst gemeldeten Personen sind …","Zece alpiniști au dispărut după o avalanșă pe Broad Peak. UPDATE: Patru trupuri au fost găsite, celebrul alpinist Nirmal Purja se numără printre cei șase dispăruți","O amplă operațiune de căutare și salvare este în desfășurare în Pakistan, după ce zece alpiniști din mai multe țări au dispărut în urma unei avalanșe produse pe Broad Peak, unul dintre cele mai înalte și dificile vârfuri din lume. Printre cei dați dispăruți s…","Ten climbers are missing after an avalanche on Broad Peak. UPDATE: Four bodies have been found, the famous climber Nirmal Purja is among the six missing. A massive search and rescue operation is underway in Pakistan after ten climbers from several countries went missing after an avalanche on Broad Peak, one of the world's highest and most difficult peaks. Among those reported missing s…","Decem viverra tellus desunt post NIVIS in lata cacumine. UPDATE: Quattuor corpora inventa sunt, nobilis exhibuit Nirmal Purja inter sex deest. Ingens investigatio et liberatio operationis in Pakistania comparata est postquam decem viverra tellus e pluribus regionibus defuit postquam NIVIS in lata cacumine, unum altissimum et difficillimum mundi cacumina. Inter eos qui nuntiaverunt absentis s…",https://www.mediafax.ro/life-inedit/zece-alpinisti-au-disparut-dupa-o-avalansa-pe-broad-peak-update-patru-trupuri-au-fost-gasite-celebrul-alpinist-nirmal-purja-se-numara-printre-cei-sase-disparuti-23782083,https://www.mediafax.ro/wp-content/uploads/2026/07/nirmal-purja-unul-dintre-cei-mai-cunoscuti-alpinisti.jpg,,"UPDATE: Patru trupuri au fost gsite pe Broad Peak. Celebrul alpinist Nirmal Purja se numr printre cei ase disprui
Operaiunea de cutare de pe Broad Peak, unul dintre cei mai periculoi muni ai lumii, … [+3099 chars]",,2026-08-16 20:51:26+00:00,random,,,
25060aa2b2395fd487b1d10c4af017b0,2026-07-16T13:07:10Z,Precipitation,furtună,www.mediafax.ro,ro,0.9,"Palmgroßer Hagel richtete in Frankreich verheerende Schäden an. Zerstörte Autos und Straßen verwandelten sich in eine Winterlandschaft. Ein Sturm außergewöhnlicher Intensität traf am Mittwoch das Département Ardèche im Südosten Frankreichs, verursachte erhebliche Sachschäden und verwandelte mehrere Ortschaften in eine Landschaft, die an Mittwinter erinnert.",Grindina cât palma a făcut prăpăd în Franța. Mașini distruse și străzi transformate într-un peisaj de iarnă,"O furtună de o intensitate excepțională a lovit miercuri departamentul Ardèche, din sud-estul Franței, provocând pagube materiale importante și transformând mai multe localități într-un peisaj care amintea de mijlocul iernii.","Palm-sized hail wreaked havoc in France. Destroyed cars and streets transformed into a winter landscape. A storm of exceptional intensity hit the Ardèche department in southeastern France on Wednesday, causing significant material damage and turning several localities into a landscape reminiscent of midwinter.","Grando palmae amplitudo in Gallia vastata. Carros et plateas destruxit in landscape hyemalis transformatus. Tempestas excellentis vehementiae Ardeche department in Gallia australi die mercurii in Franciam orientalem percussit, detrimentum grave causans et complures regiones in campum reminiscens mediae hiemis vertit.",https://www.mediafax.ro/externe/grindina-cat-palma-a-facut-prapad-in-franta-masini-distruse-si-strazi-transformate-intr-un-peisaj-de-iarna-23773650,https://www.mediafax.ro/wp-content/uploads/2026/07/design-fara-titlu-66.jpg,,"Fenomenul meteo extrem s-a produs dup o perioad de temperaturi caniculare i a fost însoit de grindin de dimensiuni impresionante, ploi toreniale i rafale puternice de vânt.
Cele mai afectate zone au… [+2696 chars]",,2026-08-17 06:03:06+00:00,random,,,
f4845677229c49863af47cacff058664,2026-07-19T07:48:45Z,Thunderstorm,grindină,www.mediafax.ro,ro,0.9,"Heißer Morgen, stürmischer Abend. Bukarest durchläuft in wenigen Stunden zwei Saisons. Bukarest unterliegt weiterhin einem gelben Hitzewellencode mit Temperaturen von bis zu 36 Grad. Allerdings kündigt die ANM ab Sonntagnachmittag auch Hagelstürme an.","Dimineața caniculă, seara furtună. Bucureștiul trece prin două anotimpuri în câteva ore","Bucureștiul rămâne sub cod galben de caniculă, cu temperaturi de până la 36 de grade. ANM anunță însă și vijelii cu grindină, începând de duminică după-amiaza.","Hot morning, stormy evening. Bucharest goes through two seasons in a few hours. Bucharest remains under a yellow heatwave code, with temperatures up to 36 degrees. However, the ANM also announces hailstorms, starting from Sunday afternoon.","Aestus mane, nimbosus vesper. Bucharest paucis horis per duo tempora. Bucharest remanet sub codice caloris flavi, cum temperaturis usque ad 36 gradus. Sed ANM etiam grandines denuntiat, incipiens a dominica post meridiem.",https://www.mediafax.ro/meteo/dimineata-canicula-seara-furtuna-bucurestiul-trece-prin-doua-anotimpuri-in-cateva-ore-23774930,https://www.mediafax.ro/wp-content/uploads/2026/06/8140549-mediafax_foto-alexandru_dobre-scaled.jpg,,"Duminic, vremea rmâne canicular, cu disconfort termic ridicat în toat ziua. Temperatura maxim va ajunge la 35-36 de grade, iar noaptea va fi tropical, cu minime de 19-21 de grade. Luni, vremea rmâne … [+897 chars]",,2026-08-17 06:03:06+00:00,random,,,
1843b4243daed616ac8d264ee79b1e0a,2026-07-19T13:23:54Z,Storm,furtună,www.realitatea.net,ro,0.9,"Sturmcode Orange in Bukarest. Es wurde eine RO-Alert-Meldung ausgegeben. ANM-Chef: „Wir werden 60 Liter pro Quadratmeter haben.“ Die Direktorin der Nationalen Meteorologischen Verwaltung (ANM), Elena Mateescu, erklärte am Sonntag exklusiv auf Realitatea PLUS, dass für Bukarest und den Kreis Ilfov eine Nowcasting-Warnung mit dem Code Orange gilt und mit sintflutartigen Regenfällen und Stürmen zu rechnen ist.",Cod portocaliu de furtună în București. A fost emis un mesaj RO-Alert. Șefa ANM: ”Vom avea 60 de litri pe metru pătrat”,"Directorul Administrației Naționale de Meteorologie (ANM), Elena Mateescu, a declarat duminică, în exclusivitate la Realitatea PLUS, că Bucureștiul și județul Ilfov se află sub o avertizare nowcasting de cod portocaliu, fiind așteptate ploi torențiale, vijeli…","Storm code orange in Bucharest. A RO-Alert message has been issued. ANM head: ""We will have 60 liters per square meter"". The director of the National Meteorological Administration (ANM), Elena Mateescu, declared on Sunday, exclusively on Realitatea PLUS, that Bucharest and Ilfov county are under a code orange nowcasting warning, expecting torrential rains, gales...","Codicem Aureum Storm in Bucharest. Epistula RO-erecti edita est. ANM caput: ""Habemus 60 liters per metrum quadratum"". Moderator Administrationis Meteorologicae Nationalis (ANM), Elena Mateescu, die Dominico solum realitatea PLUS declaravit, comitatum Bucharest et Ilfov sub codice aureo nunc denuntiantem, imbres torrentes exspectantes, procellas...",https://www.realitatea.net/stiri/actualitate/cod-portocaliu-de-furtuna-in-bucuresti-a-fost-emis-un-mesaj-ro-alert-sefa-anm-vom-avea-60-de-litir-pe-metru-patrat-ovzjtx,https://www.realitatea.net/storage/media/7/2026/07/furtuni-romania-row092.webp,,"Directorul Administraiei Naionale de Meteorologie (ANM), Elena Mateescu, a declarat duminic, în exclusivitate la Realitatea PLUS, c Bucuretiul i judeul Ilfov se afl sub o avertizare nowcasting de cod… [+2077 chars]",,2026-08-17 06:03:06+00:00,random,,,
56b8e1067f010189ac9536dccbd6ee02,2026-07-21T18:12:55Z,Thunderstorm,furtună,www.mediafax.ro,ro,0.9,"Das Tierheim in Șau Șugareil wurde vor der Einweihung durch einen Sturm beschädigt. DSU kündigt neue Werke an. Das Department for Emergency Situations (DSU) berichtete am Dienstag, dass die Zuflucht der Hoffnung in Saua Șugareil noch nicht betriebsbereit ist und nicht in Betrieb genommen wurde, nachdem im öffentlichen Raum Informationen über den Zugang von Touristen zu dieser Struktur aufgetaucht waren.",Refugiul din Șaua Șugărilor a fost avariat de furtună înainte de inaugurare. DSU anunță noi lucrări,"Departamentul pentru Situații de Urgență (DSU) a transmis marți că Refugiul de Speranță din Șaua Șugărilor nu este încă operațional și nu a fost dat în folosință, după apariția unor informații în spațiul public privind accesul turiștilor la această structură.","The shelter in Șau Șugareil was damaged by a storm before the inauguration. DSU announces new works. The Department for Emergency Situations (DSU) reported on Tuesday that the Refuge of Hope in Saua Șugareil is not yet operational and has not been put into use, after the appearance of information in the public space regarding the access of tourists to this structure.",Tugurium in au ugareil ante inaugurationem tempestate vexatum est. DSU nova opera annuntiat. Department for tumultuarios Situs (DSU) die Martis nuntiavit Refugium Spei in Saua ugareil nondum perficiendis esse nec adhibitum esse post apparentiam informationum in spatio publico de accessu peregrinantium ad hanc structuram.,https://www.mediafax.ro/social/refugiul-din-saua-sugarilor-a-fost-avariat-de-furtuna-inainte-de-inaugurare-dsu-anunta-noi-lucrari-23776411,https://www.mediafax.ro/wp-content/uploads/2026/07/refugiu-montan.jpg,,Instituia precizeaz c refugiul a fost avariat de un fenomen meteorologic extrem înainte de finalizarea lucrrilor i c va putea fi utilizat doar dup încheierea tuturor verificrilor tehnice i de siguran… [+2722 chars],,2026-08-17 06:03:06+00:00,random,,,
18a84541d4ef807bb6d13e5caa8e4e1b,2026-07-21T21:11:01Z,Precipitation,furtună,www.digi24.ro,ro,0.9,Sturm in Craiova: Überflutete Straßen und umgestürzte Bäume über 15 Autos. Ein sintflutartiger Regen von mehreren Minuten Dauer verursachte Überschwemmungen auf den Straßen von Craiova und der Sturm riss Bäume und über 15 Autos um.,Furtună în Craiova: străzi inundate și copaci căzuți peste 15 mașini,O ploaie torențială de câteva minute a provocat inundații pe străzile din Craiova iar furtuna a doborât copaci peste 15 mașini.,Storm in Craiova: flooded streets and fallen trees over 15 cars. A torrential rain of several minutes caused flooding on the streets of Craiova and the storm brought down trees and over 15 cars.,Tempestas in Craiova: plateae inundatae et arbores in 15 currus iacentes. Imber torrentialis plurium minutarum in viis Craiovae inundationem effecit et tempestas arbores deduxit et super 15 currus.,https://www.digi24.ro/stiri/actualitate/evenimente/furtuna-in-craiova-strazi-inundate-si-copaci-cazuti-peste-15-masini-3872901,https://s.iw.ro/gateway/g/ZmlsZVNvdXJjZT1odHRwJTNBJTJGJTJG/c3RvcmFnZTA4dHJhbnNjb2Rlci5yY3Mt/cmRzLnJvJTJGc3RvcmFnZSUyRjIwMjYl/MkYwNyUyRjIyJTJGMjg2Mjc3MV8yODYy/NzcxX3Bsb2FpZS1mdXJ0dW5hLWludW5k/YXRpaS1jcmFpb3ZhLmpwZyZ3PTEyMDAm/aD02MzAmemM9MSZoYXNoPWVlYmMwODE1MzEwMTU1YzQ1MTY0NjJiNmY2OTJlOTI5.thumb.jpg,,"O ploaie torenial de câteva minute a provocat inundaii pe strzile din Craiova iar furtuna a doborât copaci peste 15 maini.
ISU Dolj i Primria Craiovei intervine mari sear dup furtuna care a lovit or… [+813 chars]",,2026-08-17 06:03:06+00:00,random,,,
9f4015d04392ac71e0e1649bc761d291,2026-07-25T13:19:33Z,ice jam,inundații,www.mediafax.ro,ro,0.9,"Ankara steht nach einem sintflutartigen Regen unter Wasser. Meteorologen verkünden, dass die Regenfälle anhalten. Ein starker Sommersturm hat am Samstagmorgen auf mehreren Straßen in Ankara zu Überschwemmungen geführt, nachdem heftige Regenfälle viele Straßen in regelrechte Wasserkanäle verwandelt hatten.","Ankara, sub ape după o ploaie torențială. Meteorologii anunță că ploile continuă","O furtună puternică de vară a provocat sâmbătă dimineață inundații pe mai multe artere din Ankara, după ce ploile abundente au transformat numeroase străzi în adevărate canale de apă.","Ankara, under water after a torrential rain. Meteorologists announce that the rains continue. A strong summer storm caused flooding on several roads in Ankara on Saturday morning after heavy rains turned many streets into veritable water channels.",Ancyra sub aqua post imbrem torrentem. Astrologi nuntiant pluvias permanere. Tempestas aestas vehemens in Ankara inundationem plurium viae die Sabbati mane post pluvias graves multas vias in canales aquarum veras convertit.,https://www.mediafax.ro/externe/ankara-sub-ape-dupa-o-ploaie-torentiala-meteorologii-anunta-ca-ploile-continua-23778724,https://www.mediafax.ro/wp-content/uploads/2026/07/8146972-hepta_mediafax_foto-abacapress_hepta.jpg,,"Circulaia rutier a fost îngreunat în mai multe zone ale capitalei Turciei, îns autoritile nu au raportat victime sau pagube majore, potrivit publicaiei Turkiye Today.
Strzi acoperite de ap dup ore d… [+2342 chars]",,2026-08-17 06:03:06+00:00,random,,,
d179aa1e55e0369878f205d88c628696,2026-07-30T11:22:33Z,Storm,furtuna,www.realitatea.net,ro,0.9,"Heftiger Sturm in Rio de Janeiro und São Paulo: Fünf Menschen starben, Böen von mehr als 100 km/h legten den Verkehr lahm - VIDEO. Unerwartet trafen am Mittwoch Sturmböen von mehr als 100 Stundenkilometern über die Stadt Rio de Janeiro und den Bundesstaat São Paulo. Fünf Menschen starben, ein Fischer wird als vermisst gemeldet, und der Sturm riss Dächer ab, fällte Dutzende Bäume und blockierte den Transport in der Stadt …","Furtună violentă în Rio de Janeiro și São Paulo: cinci oameni au murit, iar rafalele de peste 100 km/h au paralizat transportul - VIDEO","Rafale de peste 100 de kilometri pe oră au lovit miercuri, pe neașteptate, orașul Rio de Janeiro și statul São Paulo. Cinci persoane au murit, un pescar este dat dispărut, iar furtuna a smuls acoperișuri, a doborât zeci de copaci și a blocat transportul în co…","Violent storm in Rio de Janeiro and São Paulo: five people died, and gusts of more than 100 km/h paralyzed transport - VIDEO. Gusts of more than 100 kilometers per hour unexpectedly hit the city of Rio de Janeiro and the state of São Paulo on Wednesday. Five people died, a fisherman is reported missing, and the storm ripped off roofs, felled dozens of trees and blocked transport in the co…","Tempestas violenta in Rio de Janeiro et São Paulo: quinque homines mortui sunt, et procella plus quam 100 km/h onerariam paralyticam - VIDEO. Impetus plus quam 100 chiliometrorum per horas improviso urbem Rio de Janeiro et statum São Paulo die Mercurii percusserunt. Quinque homines mortui sunt, piscator carens nuntiatur, et tempestas tectorum evulsa, justos arborum caesos, onerariam in co... obstruxerat.",https://www.realitatea.net/stiri/actualitate/furtuna-violenta-in-rio-de-janeiro-si-sao-paulo-cinci-oameni-au-murit-iar-rafalele-de-peste-100-kmh-au-paralizat-transportul-video-drbuig,https://www.realitatea.net/storage/media/7/2026/07/furtuna-violenta-brazilia-qltwmS.webp,,"Rafale de peste 100 de kilometri pe or au lovit miercuri, pe neateptate, oraul Rio de Janeiro i statul São Paulo. Cinci persoane au murit, un pescar este dat disprut, iar furtuna a smuls acoperiuri, … [+1152 chars]",,2026-08-17 06:03:06+00:00,random,,,
bf682aa9c7a7e89a1b4d851cacbe5830,2026-07-26T19:20:08Z,Thunderstorm,furtună,www.digi24.ro,ro,0.9,"Welche Lösung sieht Traian Băsescu für das Problem der Versorgung Rumäniens mit kasachischem Öl: „Wir haben Alternativen, aber wir müssen umziehen.“ Der ehemalige Präsident Taian Băsescu ist der Meinung, dass wir nicht in einen „Ölsturm“ geraten sollten, nachdem Kasachstan den Transport von Rohöl durch die CPC-Pipeline eingestellt hat und dass es andere Routen gibt. „Wir haben Alternativen mit kasachischem Rohöl“, sagte der ehemalige Präsident...","Ce soluție vede Traian Băsescu pentru problema aprovizionării României cu petrol kazah: „Avem alternative, dar trebuie să ne mișcăm”","Fostul președinte Taian Băsescu este de părere că nu ar trebui să intrăm într-o „furtună petrolieră”, după ce Kazahstanul a oprit transportul de țiței prin conducta CPC și că există și alte rute. „Avem alternative cu țiței de Kazahstan”, a declarat fostul pre…","What solution does Traian Băsescu see for the problem of supplying Romania with Kazakh oil: ""We have alternatives, but we have to move"". Former president Taian Băsescu is of the opinion that we should not enter an ""oil storm"" after Kazakhstan stopped the transportation of crude oil through the CPC pipeline and that there are other routes. ""We have alternatives with Kazakh crude oil,"" said the former pres...","Quam solutionem Traian Băsescu videt problemati Romania cum Kazakh oleum supplendi: ""Opus habemus, sed movere"". Praesidens Taian Băsescu pristinus opinatur nos ""procellae olei"" non ingredi postquam Kazakhstan substitit translationem crudi olei per pipeline CPC et alia itinera esse. ""Opuscula habemus cum Kazakh crudo"" dixit ille pres...",https://www.digi24.ro/stiri/actualitate/politica/ce-solutie-vede-traian-basescu-pentru-problema-aprovizionarii-romaniei-cu-petrol-kazah-avem-alternative-dar-trebuie-sa-ne-miscam-3879267,https://s.iw.ro/gateway/g/ZmlsZVNvdXJjZT1odHRwJTNBJTJGJTJG/c3RvcmFnZTA4dHJhbnNjb2Rlci5yY3Mt/cmRzLnJvJTJGc3RvcmFnZSUyRjIwMjYl/MkYwNyUyRjIzJTJGMjg2NTU1OV8yODY1/NTU5X01qQXpaVE01WmpKaU5XTTJZbVF3/TldVelpUZzBOVFE0T0RVeU4yWm1fdGh1/bWJfLmpwZyZ3PTEyMDAmaD02MzAmemM9/MSZoYXNoPTVlYzFjYjM3MzVhZmNhNTUwNjhiOTIyNTZmMjYyN2Y3.thumb.jpg,,"Fostul preedinte Taian Bsescu este de prere c nu ar trebui s intrm într-o furtun petrolier, dup ce Kazahstanul a oprit transportul de iei prin conducta CPC i c exist i alte rute. Avem alternative cu … [+2705 chars]",,2026-08-19 05:59:22+00:00,random,,,
0939978a31844aed4ff741565970bb4f,2026-07-29T07:45:21Z,Thunderstorm,furtună,www.mediafax.ro,ro,0.9,"„Mehr Atombomben.“ Wie Experten die Brände beschreiben, die Europa verwüsten. Die riesigen Waldbrände, die den Südwesten Frankreichs verwüsteten, brannten mit solcher Heftigkeit, dass sie einen heftigen Sturm auslösten, der durch das Feuer selbst verursacht wurde. Dieses seltene Phänomen tritt manchmal bei Großbränden in den USA und Kanada auf, war aber in… beispiellos.",„Mai multe bombe atomice”. Cum descriu experții incendiile care devastează Europa,"Incendiile uriașe care devastează sud-vestul Franței au ars cu o intensitate atât de mare încât au generat o furtună puternică produsă chiar de foc. Acest fenomen rar este întâlnit uneori în cazul mega-incendiilor din SUA și Canada, însă era fără precedent în…","""More atomic bombs."" How experts describe the fires ravaging Europe. The huge wildfires ravaging southwestern France have burned with such intensity that they have generated a powerful storm produced by the fire itself. This rare phenomenon is sometimes seen in mega-fires in the US and Canada, but it was unprecedented in…","""Magis bombs atomicis."" Quomodo periti describunt incendia vastandi Europam. Ingentes ignes vasti in Gallia meridionali tanto ardore inflammarunt ut tempestatem validam ab ipso igne productam genuerint. Hoc rarum phaenomenon interdum in mega-ignibus in US et in Canada visitur, sed inauditum in…",https://www.mediafax.ro/externe/mai-multe-bombe-atomice-cum-descriu-expertii-incendiile-care-devasteaza-europa-23780710,https://www.mediafax.ro/wp-content/uploads/2026/07/8146772-hepta_mediafax_foto-abacapress_hepta-scaled.jpg,,"Potrivit experilor, acesta este doar unul dintre semnele c Europa intr într-o nou er a incendiilor, arat CNN.
Europa s-a confruntat întotdeauna cu incendii de vegetaie, îns acestea devin tot mai ext… [+3336 chars]",,2026-08-19 05:59:22+00:00,random,,,
9e4dd846389c67b2db1caffee902ced7,2026-07-30T13:29:56Z,Thunderstorm,furtună,www.mediafax.ro,ro,0.9,"Chaos in Brasilien nach dem Sturm mit Windgeschwindigkeiten von 125 km/h. Ein Mann wurde beim Versuch gefilmt, „das Klima zu kontrollieren“. Entwurzelte Bäume, gestoppte U-Bahn, blockierte Flughäfen – ein heftiger Sturm legte Rio de Janeiro und São Paulo lahm.",Haos în Brazilia după furtuna cu vânt de 125 km/h. Un bărbat a fost filmat încercând să „controleze clima”,"Copaci smulși, metrou oprit, aeroporturi blocate - o furtună violentă a paralizat Rio de Janeiro și São Paulo.","Chaos in Brazil after the storm with winds of 125 km/h. A man was filmed trying to 'control the climate'. Uprooted trees, stopped the subway, blocked airports - a violent storm paralyzed Rio de Janeiro and São Paulo.","Chaos in Brasilia post tempestatem cum ventis 125 km/h. Homo membranaceus quaerit ""clima temperare"". Arbores evulsae, tectam obstruxerunt, aliquet nisl obstruxerunt - tempestas violenta Rio de Janeiro et São Paulo paralyticus est.",https://www.mediafax.ro/externe/haos-in-brazilia-dupa-furtuna-cu-vant-de-125-km-h-un-barbat-a-fost-filmat-incercand-sa-controleze-clima-23781811,https://www.mediafax.ro/wp-content/uploads/2026/07/brazilia.jpg,,"O furtun violent, cu vânt de peste 100 de kilometri pe or, a lovit sud-estul Braziliei. Rafalele au provocat cel puin cinci mori i haos în transporturi. Furtuna a lovit între serile de mari i miercur… [+1747 chars]",,2026-08-19 05:59:22+00:00,random,,,
b000e6984d7b070704c177a72b8edd37,2026-07-29T18:33:03Z,Heat Wave,val de căldură,www.digi24.ro,ro,0.9,"Der Pegel der Donau sank in Budapest auf einen historischen Tiefstand und blockierte eine der wichtigsten Güterverkehrsadern Europas. Der Wasserstand der Donau in Budapest ist auf einen historischen Tiefstand gesunken und hat den Güterverkehr auf einer der wichtigsten Wasserstraßen Europas unterbrochen, während der Kontinent von einer anhaltenden Dürre und einer starken Hitzewelle heimgesucht wurde. Ebene…","Nivelul Dunării a scăzut la un minim istoric la Budapesta, blocând una dintre principalele artere de transport de marfă ale Europei","Nivelul apei Dunării la Budapesta a scăzut la un minim istoric, perturbând traficul de marfă pe una dintre principalele căi navigabile ale Europei, pe fondul unei perioade prelungite de secetă și al unui val de căldură intens care afectează continentul. Nivel…","The level of the Danube fell to a historic low in Budapest, blocking one of Europe's main freight arteries. The water level of the Danube in Budapest has fallen to a historic low, disrupting freight traffic on one of Europe's main waterways, amid a prolonged drought and an intense heat wave affecting the continent. Level…","planities Danuvii in Budapest in humilitate historica cecidit, unam principalem onerariam Europae arterias interclusit. Aquae planities Danubii in Budapest in humilitatem historicam cecidit, negotiatio oneraria in una praecipuorum Europaeorum fluminum turbans, inter diuturnam siccitatem et aestum intensum undam continentem afficiens. Level…",https://www.digi24.ro/stiri/externe/nivelul-dunarii-a-scazut-la-un-minim-istoric-la-budapesta-blocand-una-dintre-principalele-artere-de-transport-de-marfa-ale-europei-3884553,https://s.iw.ro/gateway/g/ZmlsZVNvdXJjZT1odHRwJTNBJTJGJTJG/c3RvcmFnZTA4dHJhbnNjb2Rlci5yY3Mt/cmRzLnJvJTJGc3RvcmFnZSUyRjIwMjYl/MkYwNyUyRjI5JTJGMjg3Mzk0OV8yODcz/OTQ5X0R1bmFyZWEtbGEtdW4tbml2ZWwt/aXN0b3JpYy1sYS1CdWRhcGVzdGEuanBn/Jnc9MTIwMCZoPTYzMCZ6Yz0xJmhhc2g9/NjQ5NTEwNmE1YjhhYzZlMDIyNjQyMTMxNGQwZmI4Nzk=.thumb.jpg,,"Nivelul apei Dunrii la Budapesta a sczut la un minim istoric, perturbând traficul de marf pe una dintre principalele ci navigabile ale Europei, pe fondul unei perioade prelungite de secet i al unui v… [+3033 chars]",,2026-08-20 05:59:53+00:00,random,,,
816fb319aff8ae97914bdf58e5dffd2a,2026-07-22T12:25:22Z,Insect Infestation,lăcuste,www.realitatea.net,ro,0.9,"Riesige Heuschrecken sind in bulgarische Städte eingedrungen. Die Leute hatten Angst: „Sie haben sie sicher aus dem Hubschrauber abgeworfen.“ In mehreren Regionen Bulgariens wurden in den letzten Wochen ungewöhnlich viele Riesenheuschrecken beobachtet. Die Insekten, die eine Größe von 6 bis 10 Zentimetern erreichen können, wurden auf Feldern, auf Straßen, in Parks und in der Nähe von Häusern gesehen...","Lăcuste uriașe au invadat orașele din Bulgaria. Oamenii s-au speriat: „Le-au aruncat din elicopter, sunt sigur”","Un număr neobișnuit de mare de lăcuste uriașe a fost observat în ultimele săptămâni în mai multe regiuni din Bulgaria. Insectele, care pot ajunge la dimensiuni de 6 până la 10 centimetri, au fost văzute pe câmpuri, pe străzi, în parcuri și în apropierea locui…","Giant locusts have invaded Bulgarian cities. People were scared: ""They dropped them from the helicopter, I'm sure."" An unusually large number of giant grasshoppers have been observed in several regions of Bulgaria in recent weeks. The insects, which can reach sizes of 6 to 10 centimeters, have been seen in fields, on streets, in parks and near homes...","Gigantes locustae Bulgaricas urbes invaserunt. Homines territi sunt: ​​""Ex helicopter quod deciderunt, certo scio."" Ingens numerus gigantum locustarum in compluribus Bulgariae regionibus proximis septimanis observatus est. Insecta, quae ad quantitates 6 ad 10 centimetra perveniri potest, visa sunt in campis, in plateis, in hortis et vicinis domibus.",https://www.realitatea.net/stiri/actualitate/lacuste-uriase-au-invadat-orasele-din-bulgaria-oamenii-s-au-speriat-le-au-aruncat-din-elicopter-sunt-sigur-thnelu,https://www.realitatea.net/storage/media/7/2026/07/lacuste-in-bulgaria-5P1CkT.webp,,"Un numr neobinuit de mare de lcuste uriae a fost observat în ultimele sptmâni în mai multe regiuni din Bulgaria. Insectele, care pot ajunge la dimensiuni de 6 pân la 10 centimetri, au fost vzute pe c… [+2046 chars]",,2026-08-21 02:10:33+00:00,random,,,
