domain,sentiment_mean,sentiment_std,subjectivity_mean,subjectivity_std,counting
adevarul.ro,0.08888888888888889,0.21103799903580642,0.4083333333333334,0.30034702151566833,3.0
www.digi24.ro,0.018253968253968255,0.2381468198094116,0.3444444444444444,0.22194427061597977,3.0
www.mediafax.ro,-0.05555555555555555,0.09622504486493763,0.12777777777777777,0.1797632187484826,3.0
hotnews.ro,0.0,1.0,0.0,1.0,1.0
