domain,sentiment_mean,sentiment_std,subjectivity_mean,subjectivity_std,counting
www.digi24.ro,0.04161721619062889,0.161214784832617,0.3536665597776709,0.18885362261679492,21.0
adevarul.ro,0.06644345238095238,0.13095337442128563,0.32782738095238095,0.2502159905255508,7.0
www.mediafax.ro,-0.027773951637588,0.07819235623187665,0.23243419038873583,0.18185845294284275,6.0
hotnews.ro,0.19225,0.35341459364321676,0.2565,0.277644106726579,5.0
www.biziday.ro,-0.034374999999999996,0.04861359120657514,0.315625,0.3049397993866986,2.0
