domain,sentiment_mean,sentiment_std,subjectivity_mean,subjectivity_std,counting
www.digi24.ro,0.017195083424676003,0.16514888389713522,0.35341862070060925,0.23353346593750454,209.0
adevarul.ro,0.07524550384292643,0.1798863289585987,0.40250023978093996,0.18956255707695743,203.0
www.mediafax.ro,0.0424514193269398,0.16683170477427642,0.33891148018134487,0.24565537280556274,131.0
hotnews.ro,0.05378586035877703,0.2020548099935646,0.3987324527324528,0.19065617008090205,78.0
www.biziday.ro,-0.0058907932345432365,0.1174720049414051,0.33957940207940207,0.15111437373129058,26.0
zoso.ro,0.0,1.0,0.0,1.0,1.0
