domain,sentiment_mean,sentiment_std,subjectivity_mean,subjectivity_std,counting
www.digi24.ro,0.008480838959851305,0.16790021234301147,0.344592306516072,0.2249404125664482,135.0
adevarul.ro,0.08100712579992471,0.20221716985886365,0.4244780262511241,0.20193982308539465,92.0
hotnews.ro,0.05378586035877703,0.2020548099935646,0.3987324527324528,0.19065617008090205,78.0
www.mediafax.ro,0.05857169982706155,0.14977654814210917,0.3535536211606954,0.24200107910268592,71.0
www.biziday.ro,0.00027011183261183106,0.10564741342723884,0.3734493145743146,0.15284596737011624,15.0
zoso.ro,0.0,1.0,0.0,1.0,1.0
