domain,sentiment_mean,sentiment_std,subjectivity_mean,subjectivity_std,counting
www.digi24.ro,0.019995079635772278,0.16738926395655532,0.3470341821378077,0.22138815635524445,154.0
adevarul.ro,0.08149608331483331,0.19930735722120044,0.4303972236097236,0.19787131960112633,130.0
www.mediafax.ro,0.06337981095969869,0.16152463736161474,0.3388148928522696,0.23825161214269694,83.0
hotnews.ro,0.05378586035877703,0.2020548099935646,0.3987324527324528,0.19065617008090205,78.0
www.biziday.ro,0.010149063176406925,0.1094476272350875,0.36781706574675327,0.14937197211963357,16.0
zoso.ro,0.0,1.0,0.0,1.0,1.0
