week,sentiment_mean,sentiment_std,subjectivity_mean,subjectivity_std,counting
2025-47,1.0541321014539986,1.0,0.8808083544746209,1.0,1.0
2025-49,-0.3483005524276732,0.9609843176948868,-0.5261659986669186,1.10700377988785,9.0
2025-50,-0.2140226559694371,0.1363720457738438,-0.9253874168561234,0.6507702480614495,2.0
2025-51,0.8505382259444018,1.305508284135631,0.20204398877195553,0.7700907559338359,7.0
2025-52,1.8389281660362202,1.0,0.07573429232503713,1.0,1.0
2026-00,-0.01689815835624075,1.0046232730956546,0.1162655429892955,0.7270109753992772,5.0
2026-01,-0.25563572862788064,0.918753796421354,-0.013588252298644939,1.141355706750825,22.0
2026-02,0.02934657820623343,0.7581285665426565,0.14118749808002617,0.8824502358453464,21.0
2026-03,-0.06395962868314016,1.2039867777326256,0.3226982098181082,0.7399953901116532,3.0
