domain,sentiment_mean,sentiment_std,subjectivity_mean,subjectivity_std,counting
www.digi24.ro,0.015076481004664183,0.1656117523341507,0.3617377480749032,0.23384494884591875,223.0
adevarul.ro,0.07073657861703732,0.1835496036084651,0.4032343491252598,0.19570399872486022,211.0
www.mediafax.ro,0.04698985926299826,0.16682104921048027,0.3475843570832866,0.2478481079223479,138.0
hotnews.ro,0.05378586035877703,0.2020548099935646,0.3987324527324528,0.19065617008090205,78.0
www.biziday.ro,-0.004694080353802577,0.11535849608111744,0.34438454206972724,0.15026868073737032,27.0
zoso.ro,0.0,1.0,0.0,1.0,1.0
