domain,sentiment_mean,sentiment_std,subjectivity_mean,subjectivity_std,counting
www.digi24.ro,0.03133686342101375,0.14282532350597824,0.3137633980640517,0.21198508526539817,51.0
hotnews.ro,0.057288471559304895,0.22986245873998423,0.38937693479360147,0.20379039709924573,39.0
adevarul.ro,0.08160535580674469,0.16656583470328232,0.3695533710117043,0.21445800614615618,27.0
www.mediafax.ro,0.01047138229335199,0.1513880842418388,0.35652530313557246,0.23649006683072846,27.0
www.biziday.ro,0.03143069727891156,0.05700287476491522,0.31483843537414963,0.13128586107237256,7.0
