domain,sentiment_mean,sentiment_std,subjectivity_mean,subjectivity_std,counting
www.digi24.ro,0.015291686170722437,0.1749543048782519,0.3647985037716005,0.23370339299818926,244.0
adevarul.ro,0.07151452687613402,0.18262013614013184,0.4040141953564572,0.1956269136980349,222.0
www.mediafax.ro,0.04372812015291749,0.16696140230957107,0.33713814583784185,0.24559935034692132,157.0
hotnews.ro,0.05378586035877703,0.2020548099935646,0.3987324527324528,0.19065617008090205,78.0
www.biziday.ro,-0.002260435576967837,0.12843867422271307,0.3372170921969309,0.14563373254234493,31.0
www.realitatea.net,0.0,1.0,0.0,1.0,1.0
zoso.ro,0.0,1.0,0.0,1.0,1.0
