domain,sentiment_mean,sentiment_std,subjectivity_mean,subjectivity_std,counting
www.digi24.ro,0.01838783330031881,0.16652584914126803,0.354229137719223,0.22706483013743353,183.0
adevarul.ro,0.07469497156791112,0.18894670086513254,0.4154892328367603,0.1905811710089621,169.0
www.mediafax.ro,0.04719854878567,0.16640039160046932,0.336702033422993,0.24330765054932552,117.0
hotnews.ro,0.05378586035877703,0.2020548099935646,0.3987324527324528,0.19065617008090205,78.0
www.biziday.ro,-0.008464082792207794,0.12558515472566306,0.3631703192640693,0.1484068561817976,20.0
zoso.ro,0.0,1.0,0.0,1.0,1.0
