domain,sentiment_mean,sentiment_std,subjectivity_mean,subjectivity_std,counting
www.digi24.ro,0.010286833678270987,0.14829617499556472,0.3380729519234871,0.20996496565784756,109.0
hotnews.ro,0.05378586035877703,0.2020548099935646,0.3987324527324528,0.19065617008090205,78.0
adevarul.ro,0.0706900012025012,0.19683065677914985,0.4123188031104698,0.21143008852856257,75.0
www.mediafax.ro,0.05489906419338237,0.14848139863243917,0.35931725378998103,0.24479753918016567,65.0
www.biziday.ro,0.0013098136982065535,0.10955583672987013,0.37716508194186765,0.1579111243903795,14.0
