domain,sentiment_mean,sentiment_std,subjectivity_mean,subjectivity_std,counting
www.digi24.ro,0.01531699157732933,0.16607219674899432,0.3595094848515974,0.2300987842355289,192.0
adevarul.ro,0.07721885825433882,0.18378494092252823,0.4060610592245783,0.187530012535781,191.0
www.mediafax.ro,0.047219366439971246,0.16688479450867535,0.3465839930827722,0.2483000360694307,121.0
hotnews.ro,0.05378586035877703,0.2020548099935646,0.3987324527324528,0.19065617008090205,78.0
www.biziday.ro,-0.006937044962613146,0.12177731363888462,0.3498518053915781,0.15152917067711896,22.0
zoso.ro,0.0,1.0,0.0,1.0,1.0
