domain,sentiment_mean,sentiment_std,subjectivity_mean,subjectivity_std,counting
www.digi24.ro,0.012765274415412156,0.15672055743182237,0.33112907790352697,0.2197118162415143,121.0
adevarul.ro,0.06253094347635486,0.20164826550952963,0.41491236582217594,0.21004922322397965,79.0
hotnews.ro,0.05378586035877703,0.2020548099935646,0.3987324527324528,0.19065617008090205,78.0
www.mediafax.ro,0.05376381136132139,0.14643746791019868,0.3510017867110113,0.2460428365824457,68.0
www.biziday.ro,0.0013098136982065535,0.10955583672987013,0.37716508194186765,0.1579111243903795,14.0
