domain,sentiment_mean,sentiment_std,subjectivity_mean,subjectivity_std,counting
www.digi24.ro,0.019654167200638405,0.1711691594201807,0.36247350499270675,0.23286322127304937,231.0
adevarul.ro,0.07158893098836056,0.18249314995158245,0.40244580660313134,0.1938942038593456,216.0
www.mediafax.ro,0.04726564097302734,0.1675349134916582,0.3457535285802331,0.24589203397557885,148.0
hotnews.ro,0.05378586035877703,0.2020548099935646,0.3987324527324528,0.19065617008090205,78.0
www.biziday.ro,-0.004694080353802577,0.11535849608111744,0.34438454206972724,0.15026868073737032,27.0
zoso.ro,0.0,1.0,0.0,1.0,1.0
