week,sentiment_mean,sentiment_std,subjectivity_mean,subjectivity_std,counting
2025-47,0.783163666250922,1.0,0.8510644963469903,1.0,1.0
2025-49,-0.08701818513899139,0.8153607476878303,-0.0945627218163322,0.8058543795129666,9.0
