week,sentiment_mean,sentiment_std,subjectivity_mean,subjectivity_std,counting
2025-47,1.0119710096109522,1.0,0.9513546579947071,1.0,1.0
2025-49,-0.28248929743826423,1.2078269754474122,-0.30921182039962236,0.9998315194331696,9.0
2025-50,0.37129138808603346,0.47491468337639936,-0.44272766284700765,0.3738885347640188,2.0
2025-51,0.8452943009895433,1.2365280649777595,-0.18817524418767212,0.02166954501678228,2.0
2025-52,1.757796495548447,1.0,0.11296283294293492,1.0,1.0
2026-00,-0.1654667089781369,0.7701161715025199,0.0007138837311858603,0.6913363062084376,4.0
2026-01,-0.2551003711155562,0.6971373815615856,0.15888491479536482,1.0782938565574753,11.0
2026-02,0.07340324652886274,0.9227093600469306,0.11180046445950541,1.1020461212827042,11.0
