domain,sentiment_mean,sentiment_std,subjectivity_mean,subjectivity_std,counting
www.digi24.ro,0.014888213953204483,0.16999745920423667,0.36823175723947366,0.2304696437887737,280.0
adevarul.ro,0.06498170769441157,0.1808600566667084,0.4047540931368968,0.19748497372904802,254.0
www.mediafax.ro,0.04361349891114543,0.16517211104151766,0.3602910908866723,0.25602966030924984,197.0
hotnews.ro,0.05378586035877703,0.2020548099935646,0.3987324527324528,0.19065617008090205,78.0
www.biziday.ro,0.006471272009381763,0.11865154884026065,0.319951727134654,0.14839273726610136,41.0
www.realitatea.net,0.057991926278087004,0.20127140567267723,0.4532879193722944,0.2428161071092753,40.0
zoso.ro,0.0,1.0,0.0,1.0,1.0
