domain,sentiment_mean,sentiment_std,subjectivity_mean,subjectivity_std,counting
www.digi24.ro,0.015110692429492678,0.16448184980116168,0.35413896815394574,0.23162523500921942,196.0
adevarul.ro,0.07532893761881856,0.1828572651593717,0.4058464034642606,0.18917889781526429,195.0
www.mediafax.ro,0.047219366439971246,0.16688479450867535,0.3465839930827722,0.2483000360694307,121.0
hotnews.ro,0.05378586035877703,0.2020548099935646,0.3987324527324528,0.19065617008090205,78.0
www.biziday.ro,-6.84053265575029e-05,0.12345337193871768,0.3555194805194805,0.15051983964880733,23.0
zoso.ro,0.0,1.0,0.0,1.0,1.0
