domain,sentiment_mean,sentiment_std,subjectivity_mean,subjectivity_std,counting
www.digi24.ro,0.04407698067536031,0.14949730330807826,0.2963158280334206,0.217393717931006,36.0
hotnews.ro,0.011259388759388762,0.23358574371066312,0.37884460446960444,0.2185959987937775,26.0
adevarul.ro,0.10846550562011088,0.17323480453373588,0.37935069681780204,0.22987989137976045,19.0
www.mediafax.ro,-0.004961301324937693,0.13428347819752592,0.2898849585747981,0.20655510955017756,17.0
www.biziday.ro,0.03143069727891156,0.05700287476491522,0.31483843537414963,0.13128586107237256,7.0
