domain,sentiment_mean,sentiment_std,subjectivity_mean,subjectivity_std,counting
www.digi24.ro,0.015769870787186804,0.17138210133752527,0.3607050084393158,0.23109180613821356,259.0
adevarul.ro,0.06842558996234335,0.18243944835506265,0.4014281462955262,0.19828239843374557,232.0
www.mediafax.ro,0.04520412518644842,0.16581492242831308,0.3428971453046579,0.24502349037568097,180.0
hotnews.ro,0.05378586035877703,0.2020548099935646,0.3987324527324528,0.19065617008090205,78.0
www.biziday.ro,-0.001955089313043861,0.1244965029368296,0.32694804283819434,0.14849503351808305,33.0
www.realitatea.net,0.07897388046127543,0.22591040929062442,0.40648857724908144,0.30982642802656357,17.0
zoso.ro,0.0,1.0,0.0,1.0,1.0
