domain,sentiment_mean,sentiment_std,subjectivity_mean,subjectivity_std,counting
www.digi24.ro,0.015393507537226948,0.16899826169789578,0.37499025688771603,0.23232659484365797,291.0
adevarul.ro,0.06955155324774948,0.18261345052333935,0.4058068880800559,0.197625238131479,269.0
www.mediafax.ro,0.04482975934572009,0.16258607472572587,0.37287138606152037,0.2519326078373738,220.0
hotnews.ro,0.05378586035877703,0.2020548099935646,0.3987324527324528,0.19065617008090205,78.0
www.biziday.ro,0.009281311544095632,0.11599790354768805,0.307354008365372,0.15529380840756882,44.0
www.realitatea.net,0.053998097970689336,0.19480278494677483,0.44813428722440346,0.23684447072201475,43.0
zoso.ro,0.0,1.0,0.0,1.0,1.0
