domain,sentiment_mean,sentiment_std,subjectivity_mean,subjectivity_std,counting
www.digi24.ro,0.01592969905262183,0.17366964787169678,0.36644843364373847,0.23234555739418314,248.0
adevarul.ro,0.07108327472290323,0.18211167977531148,0.40326486580608073,0.19491276198502258,224.0
www.mediafax.ro,0.0457595726494701,0.16704560723169343,0.3408946600614422,0.2465477420037978,164.0
hotnews.ro,0.05378586035877703,0.2020548099935646,0.3987324527324528,0.19065617008090205,78.0
www.biziday.ro,-0.002260435576967837,0.12843867422271307,0.3372170921969309,0.14563373254234493,31.0
www.realitatea.net,0.09056988249845395,0.2870597341262146,0.4637639146567718,0.33180789026346325,10.0
zoso.ro,0.0,1.0,0.0,1.0,1.0
