domain,sentiment_mean,sentiment_std,subjectivity_mean,subjectivity_std,counting
www.digi24.ro,0.0391703146990184,0.14641206196765819,0.3101373185113926,0.21614608697252016,45.0
hotnews.ro,0.053746156290799145,0.22763120994130628,0.37563112416683847,0.20754646771222543,35.0
www.mediafax.ro,-0.007755816921330758,0.1462896452370571,0.33903091141035807,0.25092928971726286,23.0
adevarul.ro,0.10181869424767152,0.16754213256957579,0.36730539977699067,0.22605552564166653,22.0
www.biziday.ro,0.03143069727891156,0.05700287476491522,0.31483843537414963,0.13128586107237256,7.0
