domain,sentiment_mean,sentiment_std,subjectivity_mean,subjectivity_std,counting
www.digi24.ro,0.043259010279843614,0.1532093503834054,0.3601053915220582,0.19666927650181182,26.0
hotnews.ro,0.0106959950381003,0.27027694354731224,0.38975067086909193,0.23100414323932825,19.0
www.mediafax.ro,-0.006863166294984488,0.15423388139779223,0.2818387883160611,0.17591289495798743,12.0
adevarul.ro,0.12112268518518518,0.1600330045591387,0.3521990740740741,0.24100599146988588,9.0
www.biziday.ro,0.02038392857142857,0.06565881963834728,0.321297619047619,0.15971807867049684,5.0
