domain,sentiment_mean,sentiment_std,subjectivity_mean,subjectivity_std,counting
www.digi24.ro,0.037096700110589,0.14867004545927898,0.2948470891248669,0.2168353714011752,39.0
hotnews.ro,0.053177290582593614,0.2345821363915323,0.36948250542947514,0.21231746097729698,33.0
www.mediafax.ro,-0.007755816921330758,0.1462896452370571,0.33903091141035807,0.25092928971726286,23.0
adevarul.ro,0.09615133048168763,0.16950497136298415,0.3585395193430908,0.22777431037286808,21.0
www.biziday.ro,0.03143069727891156,0.05700287476491522,0.31483843537414963,0.13128586107237256,7.0
