domain,sentiment_mean,sentiment_std,subjectivity_mean,subjectivity_std,counting
www.digi24.ro,0.01781928250120141,0.17118941535432444,0.3679952794382967,0.23215683920293279,267.0
adevarul.ro,0.0689054254547007,0.18118672613081002,0.4047121392172946,0.19834528605198612,239.0
www.mediafax.ro,0.043654677735651404,0.16553998402119116,0.3420265094765219,0.24396587151315297,183.0
hotnews.ro,0.05378586035877703,0.2020548099935646,0.3987324527324528,0.19065617008090205,78.0
www.biziday.ro,-0.0025409690391308064,0.1226432703266797,0.3272890317743259,0.14624131760409434,34.0
www.realitatea.net,0.07243122874149661,0.20446086054491383,0.4336198593073593,0.27410500455920866,24.0
zoso.ro,0.0,1.0,0.0,1.0,1.0
